rsid,AD_p,variant_axis_gene,variant_arm,looped_target,ABC,enh_PeakID
rs538957775,0.6218,C1QA,accelerator,C1QA,0.095162,Peak_1410
rs538957775,0.6218,C1QA,accelerator,C1QC,0.06696,Peak_1410
rs538957775,0.6218,C1QA,accelerator,C1QB,0.051852,Peak_1410
rs72877144,0.6438,C1QA,accelerator,C1QA,0.095162,Peak_1410
rs72877144,0.6438,C1QA,accelerator,C1QC,0.06696,Peak_1410
rs72877144,0.6438,C1QA,accelerator,C1QB,0.051852,Peak_1410
rs682658,0.4338,C1QA,accelerator,C1QA,0.095162,Peak_1410
rs682658,0.4338,C1QA,accelerator,C1QC,0.06696,Peak_1410
rs682658,0.4338,C1QA,accelerator,C1QB,0.051852,Peak_1410
rs116203515,0.001398,C1QA,accelerator,C1QB,0.017823,Peak_1413
rs116203515,0.001398,C1QA,accelerator,C1QA,0.015281,Peak_1413
rs116203515,0.001398,C1QA,accelerator,C1QC,0.012988,Peak_1413
rs779361250,0.5857,C1QA,accelerator,C1QB,0.017823,Peak_1413
rs779361250,0.5857,C1QA,accelerator,C1QA,0.015281,Peak_1413
rs779361250,0.5857,C1QA,accelerator,C1QC,0.012988,Peak_1413
rs80227522,0.8019,IL10,resolution,IL10,0.010604,Peak_12640
rs774170769,0.2891,IL10,resolution,IL10,0.010604,Peak_12640
rs3024505,0.6348,IL10,resolution,IL10,0.062999,Peak_12641
rs76888302,0.6672,IL10,resolution,IL10,0.062999,Peak_12641
rs115071118,0.3242,IL10,resolution,IL10,0.052165,Peak_12645
rs1800892,0.2191,IL10,resolution,IL10,0.052165,Peak_12645
rs556432203,0.8011,IL10,resolution,IL10,0.030513,Peak_12646
rs12122923,0.3749,IL10,resolution,IL10,0.030513,Peak_12646
rs17015767,0.8055,IL10,resolution,IL10,0.030513,Peak_12646
rs183429866,0.07576,IL10,resolution,IL10,0.030513,Peak_12646
rs45466994,0.5258,IL10,resolution,IL10,0.030513,Peak_12646
rs765290604,0.9351,IL10,resolution,IL10,0.023333,Peak_12647
rs12029597,0.1837,IL10,resolution,IL10,0.023333,Peak_12647
rs76020047,0.6773,IL10,resolution,IL10,0.023333,Peak_12647
rs758167895,0.5357,CTSD,DAM_only,CTSD,0.020574,Peak_24885
rs575315427,0.005291,CTSD,DAM_only,CTSD,0.020574,Peak_24885
rs115987158,0.332,CTSD,DAM_only,CTSD,0.020574,Peak_24885
rs147565236,0.897,CTSD,DAM_only,CTSD,0.020574,Peak_24885
rs149050692,0.5998,CTSD,DAM_only,CTSD,0.027256,Peak_24886
rs539163883,0.549,CTSD,DAM_only,CTSD,0.027256,Peak_24886
rs72850967,0.1051,CTSD,DAM_only,CTSD,0.027256,Peak_24886
rs114725183,0.6595,CTSD,DAM_only,CTSD,0.027256,Peak_24886
rs113473196,0.08087,CTSD,DAM_only,CTSD,0.027256,Peak_24886
rs562789226,0.2558,CTSD,DAM_only,CTSD,0.023025,Peak_24888
rs182141752,0.8293,CTSD,DAM_only,CTSD,0.023025,Peak_24888
rs533591262,0.8004,CTSD,DAM_only,CTSD,0.023025,Peak_24888
rs10839637,0.0456,CTSD,DAM_only,CTSD,0.023025,Peak_24888
rs16927562,0.8943,CTSD,DAM_only,CTSD,0.023025,Peak_24888
rs564951704,0.724,CTSD,DAM_only,CTSD,0.023025,Peak_24888
rs150575269,0.8453,CTSD,DAM_only,CTSD,0.023025,Peak_24888
rs139597882,0.0706,CTSD,DAM_only,CTSD,0.023025,Peak_24888
rs547095835,0.4629,CTSD,DAM_only,CTSD,0.023025,Peak_24888
rs139151444,0.8799,CD44,accelerator,CD44,0.010586,Peak_27282
rs191302916,0.214,CD44,accelerator,CD44,0.010586,Peak_27282
rs75591583,0.01234,CD44,accelerator,CD44,0.010586,Peak_27282
rs11400246,0.5389,CD44,accelerator,CD44,0.032097,Peak_27285
rs79157398,0.6189,CD44,accelerator,CD44,0.032097,Peak_27285
rs746030408,0.1376,CD44,accelerator,CD44,0.032097,Peak_27285
rs11600597,0.9157,CD44,accelerator,CD44,0.0151,Peak_27289
rs2732567,0.6711,CD44,accelerator,CD44,0.0151,Peak_27289
rs117769567,0.819,CD44,accelerator,CD44,0.011409,Peak_27290
rs529403035,0.6804,CD44,accelerator,CD44,0.011409,Peak_27290
rs181250600,0.3337,CD44,accelerator,CD44,0.011409,Peak_27290
rs11033008,0.01688,CD44,accelerator,CD44,0.10787,Peak_27293
rs145800382,0.205,CD44,accelerator,CD44,0.10787,Peak_27293
rs59799056,0.1064,CD44,accelerator,CD44,0.10787,Peak_27293
rs552596895,0.216,CD44,accelerator,CD44,0.10787,Peak_27293
rs769605468,0.9616,CD44,accelerator,CD44,0.10787,Peak_27293
rs530829265,0.3123,CD44,accelerator,CD44,0.10787,Peak_27293
rs75213201,0.1269,CD44,accelerator,CD44,0.10787,Peak_27293
rs118126222,0.1307,CD44,accelerator,CD44,0.10787,Peak_27293
rs545262452,0.02739,CD44,accelerator,CD44,0.10787,Peak_27293
rs2785172,0.1767,CD44,accelerator,CD44,0.10787,Peak_27293
rs2785171,0.1812,CD44,accelerator,CD44,0.10787,Peak_27293
rs2553809,0.5513,CD44,accelerator,CD44,0.10787,Peak_27293
rs529853352,0.2964,CD44,accelerator,CD44,0.10787,Peak_27293
rs148236816,0.8441,CD44,accelerator,CD44,0.011228,Peak_27296
rs147751425,0.2172,FTH1,DAM_only,FTH1,0.010147,Peak_29229
rs763926281,0.1162,FTH1,DAM_only,FTH1,0.010147,Peak_29229
rs117324079,0.3734,FTH1,DAM_only,FTH1,0.010147,Peak_29229
rs17185413,0.6335,FTH1,DAM_only,FTH1,0.133712,Peak_29236
rs751812453,0.5836,FTH1,DAM_only,FTH1,0.133712,Peak_29236
rs138607034,0.342,FTH1,DAM_only,FTH1,0.133712,Peak_29236
rs551581004,0.5523,FTH1,DAM_only,FTH1,0.133712,Peak_29236
rs556403249,0.26,FTH1,DAM_only,FTH1,0.133712,Peak_29236
rs79645752,0.1629,FTH1,DAM_only,FTH1,0.090086,Peak_29238
rs543707390,0.07548,FTH1,DAM_only,FTH1,0.090086,Peak_29238
rs3094402,0.2698,FTH1,DAM_only,FTH1,0.090086,Peak_29238
rs17706767,0.8586,FTH1,DAM_only,FTH1,0.013561,Peak_29240
rs577132525,0.6151,FTH1,DAM_only,FTH1,0.013561,Peak_29240
rs182391410,0.5224,CD9,DAM_only,CD9,0.024779,Peak_34663
rs57572958,0.3737,CD9,DAM_only,CD9,0.024779,Peak_34663
rs76350379,0.9415,CD9,DAM_only,CD9,0.024779,Peak_34663
rs547194460,0.03379,CD9,DAM_only,CD9,0.024779,Peak_34663
rs115549500,0.2449,CD9,DAM_only,CD9,0.024779,Peak_34663
rs747664590,0.7933,CD9,DAM_only,CD9,0.024779,Peak_34663
rs202155414,0.8324,CD9,DAM_only,CD9,0.024779,Peak_34663
rs59067741,0.2456,CD9,DAM_only,CD9,0.024779,Peak_34663
rs144607749,0.6617,CD9,DAM_only,CD9,0.024779,Peak_34663
rs769566291,0.3337,CD9,DAM_only,CD9,0.024779,Peak_34663
rs192548690,0.1989,CD9,DAM_only,CD9,0.015303,Peak_34664
rs73268946,0.8649,CD9,DAM_only,CD9,0.015303,Peak_34664
rs116798118,0.3303,CD9,DAM_only,CD9,0.015303,Peak_34664
rs12321808,0.6146,CD9,DAM_only,CD9,0.039878,Peak_34668
rs570747241,0.2987,CD9,DAM_only,CD9,0.039878,Peak_34668
rs539885372,0.4545,CD9,DAM_only,CD9,0.039878,Peak_34668
rs10774403,0.6185,CD9,DAM_only,CD9,0.039878,Peak_34668
rs189357046,0.947,CD9,DAM_only,CD9,0.039878,Peak_34668
rs535908529,0.8493,CD9,DAM_only,CD9,0.039878,Peak_34668
rs74621255,0.08872,CD9,DAM_only,CD9,0.039878,Peak_34668
rs10774404,0.6198,CD9,DAM_only,CD9,0.039878,Peak_34668
rs115108233,0.2043,CD9,DAM_only,CD9,0.039878,Peak_34668
rs7956209,0.6478,CD9,DAM_only,CD9,0.010449,Peak_34669
rs77801571,0.05321,CD9,DAM_only,CD9,0.010449,Peak_34669
rs73270717,0.8843,CD9,DAM_only,CD9,0.010449,Peak_34669
rs11829968,0.6802,CD9,DAM_only,CD9,0.016049,Peak_34671
rs563162864,0.1288,CD9,DAM_only,CD9,0.016049,Peak_34671
rs75991399,0.2162,CD9,DAM_only,CD9,0.016049,Peak_34671
rs35039023,0.6312,CD9,DAM_only,CD9,0.016049,Peak_34671
rs569830991,0.8048,CD9,DAM_only,CD9,0.016049,Peak_34671
rs553275639,0.2815,CD9,DAM_only,CD9,0.016049,Peak_34671
rs139114727,0.4115,CD9,DAM_only,CD9,0.016049,Peak_34671
rs188294913,0.6432,CD9,DAM_only,CD9,0.016049,Peak_34671
rs113808930,0.835,CD9,DAM_only,CD9,0.02292,Peak_34674
rs73254653,0.647,CD9,DAM_only,CD9,0.02292,Peak_34674
rs10849423,0.8913,CD9,DAM_only,CD9,0.010102,Peak_34678
rs747636920,0.6803,CD9,DAM_only,CD9,0.030026,Peak_34680
rs148464148,0.0846,CD9,DAM_only,CD9,0.030026,Peak_34680
rs572345354,0.795,CD9,DAM_only,CD9,0.030026,Peak_34680
rs143618146,0.261,CD9,DAM_only,CD9,0.030026,Peak_34680
rs73256779,0.2105,CD9,DAM_only,CD9,0.030026,Peak_34680
rs74479547,0.5166,CD9,DAM_only,CD9,0.030026,Peak_34680
rs147231096,0.08103,CD9,DAM_only,CD9,0.030026,Peak_34680
rs555909049,0.2228,CD9,DAM_only,CD9,0.030026,Peak_34680
rs12305250,0.5701,CD9,DAM_only,CD9,0.030026,Peak_34680
rs7972323,0.4113,CLEC7A,accelerator,CLEC7A,0.012087,Peak_34923
rs76883345,0.4872,CLEC7A,accelerator,CLEC7A,0.012087,Peak_34923
rs199925343,0.4354,CLEC7A,accelerator,CLEC7A,0.012087,Peak_34923
rs760904339,0.2671,CLEC7A,accelerator,CLEC7A,0.020763,Peak_34924
rs78551705,0.5354,CLEC7A,accelerator,CLEC7A,0.020763,Peak_34924
rs373250282,0.6782,CLEC7A,accelerator,CLEC7A,0.016524,Peak_34930
rs549296235,0.08777,CLEC7A,accelerator,CLEC7A,0.016524,Peak_34930
rs73054683,0.374,CLEC7A,accelerator,CLEC7A,0.016524,Peak_34930
rs3912643,0.6034,CLEC7A,accelerator,CLEC7A,0.010086,Peak_34933
rs7976707,0.5002,CLEC7A,accelerator,CLEC7A,0.010086,Peak_34933
rs7962985,0.5008,CLEC7A,accelerator,CLEC7A,0.010086,Peak_34933
rs7301063,0.5049,CLEC7A,accelerator,CLEC7A,0.010086,Peak_34933
rs11053603,0.5668,CLEC7A,accelerator,CLEC7A,0.022984,Peak_34935
rs554694007,0.235,CLEC7A,accelerator,CLEC7A,0.022984,Peak_34935
rs16910631,0.4522,CLEC7A,accelerator,CLEC7A,0.059664,Peak_34936
rs17807926,0.4551,CLEC7A,accelerator,CLEC7A,0.059664,Peak_34936
rs186293069,0.9113,CLEC7A,accelerator,CLEC7A,0.059664,Peak_34936
rs10616795,0.8299,CLEC7A,accelerator,CLEC7A,0.050338,Peak_34938
rs950969830,0.5577,CLEC7A,accelerator,CLEC7A,0.050338,Peak_34938
rs11053625,0.4447,CLEC7A,accelerator,CLEC7A,0.050338,Peak_34938
rs58517066,0.1472,CLEC7A,accelerator,CLEC7A,0.046616,Peak_34941
rs11053639,0.2934,CLEC7A,accelerator,CLEC7A,0.046616,Peak_34941
rs73258633,0.3434,CLEC7A,accelerator,CLEC7A,0.046616,Peak_34941
rs11053640,0.2871,CLEC7A,accelerator,CLEC7A,0.046616,Peak_34941
rs11053641,0.7502,CLEC7A,accelerator,CLEC7A,0.046616,Peak_34941
rs11053642,0.2819,CLEC7A,accelerator,CLEC7A,0.046616,Peak_34941
rs550977330,0.4905,CLEC7A,accelerator,CLEC7A,0.046616,Peak_34941
rs746727334,0.8761,CLEC7A,accelerator,CLEC7A,0.013932,Peak_34949
rs74060602,0.07585,CLEC7A,accelerator,CLEC7A,0.013932,Peak_34949
rs4764306,0.5396,CLEC7A,accelerator,CLEC7A,0.013932,Peak_34949
rs144566898,0.4508,CLEC7A,accelerator,CLEC7A,0.013932,Peak_34949
rs12300595,0.2706,CD63,DAM_only,CD63,0.019062,Peak_38204
rs66592094,0.8158,CD63,DAM_only,CD63,0.019062,Peak_38204
rs186303234,0.7575,CD63,DAM_only,CD63,0.019062,Peak_38204
rs10876841,0.5279,CD63,DAM_only,CD63,0.019062,Peak_38204
rs4759176,0.1005,CD63,DAM_only,CD63,0.019062,Peak_38204
rs186726909,0.4593,CD63,DAM_only,CD63,0.01885,Peak_38210
rs779694903,0.3914,CD63,DAM_only,CD63,0.01885,Peak_38210
rs11171667,0.2891,CD63,DAM_only,CD63,0.010649,Peak_38219
rs191909267,0.6881,CD63,DAM_only,CD63,0.010649,Peak_38219
rs143285063,0.8547,CD63,DAM_only,CD63,0.050171,Peak_38220
rs376780344,0.4134,CD63,DAM_only,CD63,0.050171,Peak_38220
rs8043138,0.3926,B2M,accelerator,B2M,0.041592,Peak_61617
rs2167595,0.8534,B2M,accelerator,B2M,0.041592,Peak_61617
rs8023272,0.4108,B2M,accelerator,B2M,0.041592,Peak_61617
rs190531217,0.4207,B2M,accelerator,B2M,0.01254,Peak_61620
rs900365572,0.05544,B2M,accelerator,B2M,0.01254,Peak_61620
rs566227204,0.5696,ITGAX,accelerator,ITGAX,0.089931,Peak_65537
rs4459557,0.006278,ITGAX,accelerator,ITGAX,0.089931,Peak_65537
rs4522435,0.1272,ITGAX,accelerator,ITGAX,0.089931,Peak_65537
rs11574630,0.05737,ITGAX,accelerator,ITGAX,0.180059,Peak_65538
rs11574631,0.003238,ITGAX,accelerator,ITGAX,0.180059,Peak_65538
rs576347413,0.9601,ITGAX,accelerator,ITGAX,0.180059,Peak_65538
rs11574632,0.5556,ITGAX,accelerator,ITGAX,0.180059,Peak_65538
rs768357445,0.3554,ITGAX,accelerator,ITGAX,0.047732,Peak_65541
rs8046381,0.1285,ITGAX,accelerator,ITGAX,0.035835,Peak_65542
rs72827552,0.9965,CD68,accelerator,CD68,0.014834,Peak_69300
rs57851931,0.3626,CD68,accelerator,CD68,0.014834,Peak_69300
rs536840588,0.9242,CD68,accelerator,CD68,0.014834,Peak_69300
rs79086815,0.4927,CD68,accelerator,CD68,0.014834,Peak_69300
rs72894799,0.9071,SOCS3,resolution,SOCS3,0.012487,Peak_72815
rs531930292,0.08062,SOCS3,resolution,SOCS3,0.012487,Peak_72815
rs776405904,0.5659,SOCS3,resolution,SOCS3,0.012487,Peak_72815
rs563898387,0.2564,SOCS3,resolution,SOCS3,0.012487,Peak_72815
rs559807971,0.194,SOCS3,resolution,SOCS3,0.012487,Peak_72815
rs543568814,0.4767,SOCS3,resolution,SOCS3,0.019141,Peak_72816
rs960444863,0.4056,SOCS3,resolution,SOCS3,0.019141,Peak_72816
rs991891492,0.746,SOCS3,resolution,SOCS3,0.019141,Peak_72816
rs1043548986,0.1455,SOCS3,resolution,SOCS3,0.019141,Peak_72816
rs1030943916,0.8806,SOCS3,resolution,SOCS3,0.019141,Peak_72816
rs377718430,0.5275,SOCS3,resolution,SOCS3,0.019141,Peak_72816
rs985412678,0.2199,SOCS3,resolution,SOCS3,0.019141,Peak_72816
rs12944581,0.1522,SOCS3,resolution,SOCS3,0.01612,Peak_72819
rs1482792527,0.03252,SOCS3,resolution,SOCS3,0.01612,Peak_72819
rs201182735,0.5766,SOCS3,resolution,SOCS3,0.01612,Peak_72819
rs113825528,0.5933,SOCS3,resolution,SOCS3,0.01612,Peak_72819
rs12453354,0.1382,SOCS3,resolution,SOCS3,0.027991,Peak_72822
rs186643751,0.09884,SOCS3,resolution,SOCS3,0.027991,Peak_72822
rs182830619,0.6306,SOCS3,resolution,SOCS3,0.024774,Peak_72823
rs547954551,0.1077,SOCS3,resolution,SOCS3,0.024774,Peak_72823
rs12948394,0.519,SOCS3,resolution,SOCS3,0.024774,Peak_72823
rs73999305,0.4882,SOCS3,resolution,SOCS3,0.033814,Peak_72824
rs73999306,0.4838,SOCS3,resolution,SOCS3,0.033814,Peak_72824
rs148962996,0.09474,SOCS3,resolution,SOCS3,0.033814,Peak_72824
rs62075745,0.387,SOCS3,resolution,SOCS3,0.033814,Peak_72824
rs187439369,0.9139,SOCS3,resolution,SOCS3,0.033814,Peak_72824
rs74909528,0.277,SOCS3,resolution,SOCS3,0.033814,Peak_72824
rs75313635,0.2646,SOCS3,resolution,SOCS3,0.033814,Peak_72824
rs79124936,0.4768,SOCS3,resolution,SOCS3,0.033814,Peak_72824
rs180883121,0.2903,SOCS3,resolution,SOCS3,0.030157,Peak_72826
rs55646506,0.003773,SOCS3,resolution,SOCS3,0.030157,Peak_72826
rs55804124,0.00499,SOCS3,resolution,SOCS3,0.030157,Peak_72826
rs140310770,0.5078,SOCS3,resolution,SOCS3,0.030157,Peak_72826
rs552405402,0.8719,LGALS3BP,DAM_only,LGALS3BP,0.011754,Peak_72843
rs565941661,0.5052,LGALS3BP,DAM_only,LGALS3BP,0.011754,Peak_72843
rs534626259,0.4382,LGALS3BP,DAM_only,LGALS3BP,0.011754,Peak_72843
rs58750880,0.9828,LGALS3BP,DAM_only,LGALS3BP,0.018993,Peak_72844
rs61085474,0.9769,LGALS3BP,DAM_only,LGALS3BP,0.018993,Peak_72844
rs560375438,0.09447,LGALS3BP,DAM_only,LGALS3BP,0.018993,Peak_72844
rs756566862,0.01615,LGALS3BP,DAM_only,LGALS3BP,0.018993,Peak_72844
rs559917563,0.8425,LGALS3BP,DAM_only,LGALS3BP,0.024184,Peak_72845
rs9915281,0.000848,LGALS3BP,DAM_only,LGALS3BP,0.024184,Peak_72845
rs6501266,0.4125,LGALS3BP,DAM_only,LGALS3BP,0.024184,Peak_72845
rs8068674,0.06905,LGALS3BP,DAM_only,LGALS3BP,0.024184,Peak_72845
rs747215804,0.8797,LGALS3BP,DAM_only,LGALS3BP,0.03473,Peak_72846
rs147219810,0.7655,LGALS3BP,DAM_only,LGALS3BP,0.03473,Peak_72846
rs745928013,0.3589,LGALS3BP,DAM_only,LGALS3BP,0.03473,Peak_72846
rs149309061,0.1146,LGALS3BP,DAM_only,LGALS3BP,0.03473,Peak_72846
rs112465406,0.2594,LGALS3BP,DAM_only,LGALS3BP,0.03473,Peak_72846
rs9903872,0.5148,LGALS3BP,DAM_only,LGALS3BP,0.03473,Peak_72846
rs148751740,0.4516,LGALS3BP,DAM_only,LGALS3BP,0.03473,Peak_72846
rs59573630,0.2488,LGALS3BP,DAM_only,LGALS3BP,0.03473,Peak_72846
rs76672839,0.4404,LGALS3BP,DAM_only,LGALS3BP,0.011772,Peak_72849
rs541365578,0.5284,LGALS3BP,DAM_only,LGALS3BP,0.011772,Peak_72849
rs117771294,0.02848,LGALS3BP,DAM_only,LGALS3BP,0.028215,Peak_72850
rs574863562,0.1465,LGALS3BP,DAM_only,LGALS3BP,0.028215,Peak_72850
rs148696353,0.8069,LGALS3BP,DAM_only,LGALS3BP,0.028215,Peak_72850
rs61729727,0.595,LGALS3BP,DAM_only,LGALS3BP,0.028215,Peak_72850
rs557573264,0.1316,C3,accelerator,C3,0.022946,Peak_80777
rs527685992,0.2448,C3,accelerator,C3,0.090877,Peak_80779
rs762302537,0.4087,C3,accelerator,C3,0.090877,Peak_80779
rs117176132,0.4366,C3,accelerator,C3,0.090877,Peak_80779
rs344614,0.5262,C3,accelerator,C3,0.090877,Peak_80779
rs79681647,0.4386,C3,accelerator,C3,0.090877,Peak_80779
rs550048979,0.2291,C3,accelerator,C3,0.090877,Peak_80779
rs182184457,0.5059,C3,accelerator,C3,0.010332,Peak_80789
rs7247477,0.7995,C3,accelerator,C3,0.010332,Peak_80789
rs7251975,0.7973,C3,accelerator,C3,0.010332,Peak_80789
rs332425,0.7362,C3,accelerator,C3,0.010332,Peak_80789
rs332426,0.7377,C3,accelerator,C3,0.010332,Peak_80789
rs35172734,0.4471,C3,accelerator,C3,0.010332,Peak_80789
rs34640358,0.4866,C3,accelerator,C3,0.010332,Peak_80789
rs2546134,0.6989,C3,accelerator,C3,0.010332,Peak_80789
rs2546135,0.6733,C3,accelerator,C3,0.010332,Peak_80789
rs17549173,0.5392,TYROBP,accelerator,TYROBP,0.140293,Peak_82265
rs545313310,0.7658,TYROBP,accelerator,TYROBP,0.140293,Peak_82265
rs547486942,0.2625,TYROBP,accelerator,TYROBP,0.140293,Peak_82265
rs74590995,0.6077,TYROBP,accelerator,TYROBP,0.140293,Peak_82265
rs528477350,0.8446,TYROBP,accelerator,TYROBP,0.015581,Peak_82266
rs189199434,0.2976,TYROBP,accelerator,TYROBP,0.015581,Peak_82266
rs909135,0.02706,TYROBP,accelerator,TYROBP,0.015581,Peak_82266
rs560704246,0.06339,TYROBP,accelerator,TYROBP,0.015581,Peak_82266
rs909136,0.02766,TYROBP,accelerator,TYROBP,0.015581,Peak_82266
rs12977498,0.2339,AXL,DAM_only,AXL,0.017836,Peak_82476
rs565704283,0.2644,AXL,DAM_only,AXL,0.017836,Peak_82476
rs150490725,0.4016,AXL,DAM_only,AXL,0.017836,Peak_82476
rs80197793,0.2313,AXL,DAM_only,AXL,0.01942,Peak_82483
rs139425206,0.7756,AXL,DAM_only,AXL,0.01942,Peak_82483
rs117664018,0.5418,AXL,DAM_only,AXL,0.012656,Peak_82484
rs965707435,0.364,AXL,DAM_only,AXL,0.012656,Peak_82484
rs1865053,0.6433,AXL,DAM_only,AXL,0.013108,Peak_82488
rs1865053,0.6433,AXL,DAM_only,TGFB1,0.010444,Peak_82488
rs113048718,0.5401,AXL,DAM_only,AXL,0.013108,Peak_82488
rs113048718,0.5401,AXL,DAM_only,TGFB1,0.010444,Peak_82488
rs754497756,0.4046,AXL,DAM_only,AXL,0.013108,Peak_82488
rs754497756,0.4046,AXL,DAM_only,TGFB1,0.010444,Peak_82488
rs62120967,0.7578,AXL,DAM_only,AXL,0.013108,Peak_82488
rs62120967,0.7578,AXL,DAM_only,TGFB1,0.010444,Peak_82488
rs551625019,0.2925,AXL,DAM_only,AXL,0.013108,Peak_82488
rs551625019,0.2925,AXL,DAM_only,TGFB1,0.010444,Peak_82488
rs145269113,0.2863,AXL,DAM_only,AXL,0.013108,Peak_82488
rs145269113,0.2863,AXL,DAM_only,TGFB1,0.010444,Peak_82488
rs901323875,0.6624,AXL,DAM_only,AXL,0.013108,Peak_82488
rs901323875,0.6624,AXL,DAM_only,TGFB1,0.010444,Peak_82488
rs907517065,0.5752,TGFB1,resolution,TGFB1,0.026816,Peak_82493
rs907517065,0.5752,TGFB1,resolution,AXL,0.012075,Peak_82493
rs1278169277,0.7046,TGFB1,resolution,TGFB1,0.026816,Peak_82493
rs1278169277,0.7046,TGFB1,resolution,AXL,0.012075,Peak_82493
rs75920862,0.04922,TGFB1,resolution,TGFB1,0.026816,Peak_82493
rs75920862,0.04922,TGFB1,resolution,AXL,0.012075,Peak_82493
rs117489163,0.3748,TGFB1,resolution,TGFB1,0.026816,Peak_82493
rs117489163,0.3748,TGFB1,resolution,AXL,0.012075,Peak_82493
rs61459202,0.7101,TGFB1,resolution,TGFB1,0.026816,Peak_82493
rs61459202,0.7101,TGFB1,resolution,AXL,0.012075,Peak_82493
rs7254679,0.2838,TGFB1,resolution,TGFB1,0.026816,Peak_82493
rs7254679,0.2838,TGFB1,resolution,AXL,0.012075,Peak_82493
rs1034969386,0.1907,TGFB1,resolution,TGFB1,0.026816,Peak_82493
rs1034969386,0.1907,TGFB1,resolution,AXL,0.012075,Peak_82493
rs75621460,0.5561,TGFB1,resolution,TGFB1,0.026816,Peak_82493
rs75621460,0.5561,TGFB1,resolution,AXL,0.012075,Peak_82493
rs117064611,0.04068,TGFB1,resolution,TGFB1,0.019,Peak_82494
rs11466347,0.6865,TGFB1,resolution,TGFB1,0.01677,Peak_82495
rs555344830,0.8795,TGFB1,resolution,TGFB1,0.086739,Peak_82497
rs555344830,0.8795,TGFB1,resolution,AXL,0.010134,Peak_82497
rs56281462,0.4298,TGFB1,resolution,TGFB1,0.086739,Peak_82497
rs56281462,0.4298,TGFB1,resolution,AXL,0.010134,Peak_82497
rs10418135,0.05685,APOE,accelerator,APOE,0.014454,Peak_82722
rs575867550,0.9089,APOE,accelerator,APOE,0.014454,Peak_82722
rs916895714,0.1599,APOE,accelerator,APOE,0.014454,Peak_82722
rs779758283,0.002279,APOE,accelerator,APOE,0.014454,Peak_82722
rs749092534,0.002279,APOE,accelerator,APOE,0.014454,Peak_82722
rs549854089,2.192e-08,APOE,accelerator,APOE,0.014454,Peak_82722
rs435380,1.16e-15,APOE,accelerator,APOE,0.014454,Peak_82722
rs66916483,0.2935,APOE,accelerator,APOE,0.014454,Peak_82722
rs72654472,8.113e-06,APOE,accelerator,APOE,0.064586,Peak_82725
rs72654473,0.9363,APOE,accelerator,APOE,0.064586,Peak_82725
rs770216184,9.277e-05,APOE,accelerator,APOE,0.064586,Peak_82725
rs72654437,3.975e-10,APOE,accelerator,APOE,0.064238,Peak_82726
rs146404925,0.001395,APOE,accelerator,APOE,0.064238,Peak_82726
rs72654439,0.02259,APOE,accelerator,APOE,0.064238,Peak_82726
rs72654440,0.8949,APOE,accelerator,APOE,0.064238,Peak_82726
rs565334527,3.194e-15,APOE,accelerator,APOE,0.035201,Peak_82728
rs577322586,0.121,APOE,accelerator,APOE,0.035201,Peak_82728
rs10424663,6.476e-09,APOE,accelerator,APOE,0.035201,Peak_82728
rs5157,3.561e-14,APOE,accelerator,APOE,0.034544,Peak_82730
rs5158,0.06177,APOE,accelerator,APOE,0.034544,Peak_82730
rs12721109,5.194000000000001e-26,APOE,accelerator,APOE,0.034544,Peak_82730
rs12721108,0.02229,APOE,accelerator,APOE,0.034544,Peak_82730
rs12721107,0.4345,APOE,accelerator,APOE,0.034544,Peak_82730
rs77862802,0.1042,APOE,accelerator,APOE,0.017085,Peak_82733
rs7247227,2.628e-20,APOE,accelerator,APOE,0.017085,Peak_82733
rs7247551,8.401e-14,APOE,accelerator,APOE,0.017085,Peak_82733
rs13027814,0.5264,IL1B,accelerator,IL1B,0.027955,Peak_92209
rs754177664,0.2676,IL1B,accelerator,IL1B,0.027955,Peak_92209
rs4848302,0.5233,IL1B,accelerator,IL1B,0.026955,Peak_92210
rs11674463,0.4804,IL1B,accelerator,IL1B,0.026955,Peak_92210
rs746902165,0.1312,IL1B,accelerator,IL1B,0.026955,Peak_92210
rs555281317,0.3714,IL1B,accelerator,IL1B,0.010686,Peak_92211
rs80134366,0.537,IL1B,accelerator,IL1B,0.010686,Peak_92211
rs187646011,0.5753,IL1B,accelerator,IL1B,0.010686,Peak_92211
rs13009294,0.5278,IL1B,accelerator,IL1B,0.010686,Peak_92211
rs4848303,0.8856,IL1B,accelerator,IL1B,0.010686,Peak_92211
rs11898680,0.97,IL1B,accelerator,IL1B,0.022122,Peak_92212
rs561988269,0.9178,IL1B,accelerator,IL1B,0.022122,Peak_92212
rs186739882,0.4517,IL1B,accelerator,IL1B,0.022122,Peak_92212
rs72825551,0.5352,IL1B,accelerator,IL1B,0.082282,Peak_92219
rs751290290,0.5277,IL1B,accelerator,IL1B,0.082282,Peak_92219
rs191445464,0.6638,IL1B,accelerator,IL1B,0.082282,Peak_92219
rs7556811,0.1393,IL1B,accelerator,IL1B,0.082282,Peak_92219
rs181360209,0.5638,IL1B,accelerator,IL1B,0.064532,Peak_92220
rs55798477,0.8942,IL1B,accelerator,IL1B,0.064532,Peak_92220
rs756411258,0.517,IL1B,accelerator,IL1B,0.014958,Peak_92221
rs142735047,0.2793,IL1B,accelerator,IL1B,0.014958,Peak_92221
rs77169177,0.8798,IL1B,accelerator,IL1B,0.014958,Peak_92221
rs190053426,0.8067,IL1B,accelerator,IL1B,0.014958,Peak_92221
rs562418519,0.002764,TNFAIP6,resolution,TNFAIP6,0.019924,Peak_95394
rs6433324,0.5035,TNFAIP6,resolution,TNFAIP6,0.019924,Peak_95394
rs768745881,0.1916,TNFAIP6,resolution,TNFAIP6,0.019924,Peak_95394
rs6433325,0.5852,TNFAIP6,resolution,TNFAIP6,0.019924,Peak_95394
rs6433326,0.7492,TNFAIP6,resolution,TNFAIP6,0.019924,Peak_95394
rs75730999,0.271,TNFAIP6,resolution,TNFAIP6,0.019924,Peak_95394
rs115060686,0.6581,TNFAIP6,resolution,TNFAIP6,0.019924,Peak_95394
rs6433327,0.5881,TNFAIP6,resolution,TNFAIP6,0.019924,Peak_95394
rs563688997,0.1396,TNFAIP6,resolution,TNFAIP6,0.019924,Peak_95394
rs111637181,0.7721,CST7,accelerator,CST7,0.014752,Peak_105339
rs113994386,0.2019,CST7,accelerator,CST7,0.014752,Peak_105339
rs114850215,0.9432,CST7,accelerator,CST7,0.014752,Peak_105339
rs74598278,0.5762,CST7,accelerator,CST7,0.014752,Peak_105339
rs147493439,0.4474,CST7,accelerator,CST7,0.014752,Peak_105339
rs187567125,0.8546,CST7,accelerator,CST7,0.014752,Peak_105339
rs563429036,0.6789,CST7,accelerator,CST7,0.014752,Peak_105339
rs113912071,0.238,CST7,accelerator,CST7,0.014752,Peak_105339
rs552252342,0.2087,CST7,accelerator,CST7,0.014752,Peak_105339
rs761354744,0.6998,CST7,accelerator,CST7,0.014752,Peak_105339
rs145127878,0.3524,CST7,accelerator,CST7,0.014752,Peak_105339
rs6083652,0.3965,CST7,accelerator,CST7,0.014752,Peak_105339
rs570578768,0.0538,CST7,accelerator,CST7,0.010263,Peak_105341
rs1007199618,0.7563,CST7,accelerator,CST7,0.010263,Peak_105341
rs934801535,0.8621,CST7,accelerator,CST7,0.023268,Peak_105342
rs4356723,0.5312,CST7,accelerator,CST7,0.023268,Peak_105342
rs4462847,0.4851,CST7,accelerator,CST7,0.023268,Peak_105342
rs961218,0.4097,CST7,accelerator,CST7,0.023268,Peak_105342
rs575129164,0.7063,CST7,accelerator,CST7,0.016058,Peak_105346
rs6083698,0.4505,CST7,accelerator,CST7,0.016058,Peak_105346
rs6138438,0.436,CST7,accelerator,CST7,0.016058,Peak_105346
rs187137171,0.1959,CST7,accelerator,CST7,0.035438,Peak_105349
rs6132775,0.4226,CST7,accelerator,CST7,0.035438,Peak_105349
rs6114967,0.545,CST7,accelerator,CST7,0.035438,Peak_105349
rs6114968,0.5451,CST7,accelerator,CST7,0.035438,Peak_105349
rs556209102,0.06431,CST7,accelerator,CST7,0.035438,Peak_105349
rs112688939,0.8552,CST7,accelerator,CST7,0.035438,Peak_105349
rs117271401,0.9173,CST7,accelerator,CST7,0.024462,Peak_105352
rs765834,0.5099,CST7,accelerator,CST7,0.013896,Peak_105353
rs6050241,0.9732,CST7,accelerator,CST7,0.011497,Peak_105355
rs77542022,0.7764,CST7,accelerator,CST7,0.011497,Peak_105355
rs55917150,0.5494,CST7,accelerator,CST7,0.011497,Peak_105355
rs8125909,0.3881,CST7,accelerator,CST7,0.011497,Peak_105355
rs545744864,0.5135,CST7,accelerator,CST7,0.011497,Peak_105355
rs142394114,0.8652,CST7,accelerator,CST7,0.020044,Peak_105356
rs4239751,0.4812,CST7,accelerator,CST7,0.020044,Peak_105356
rs542818590,0.2742,CST7,accelerator,CST7,0.020044,Peak_105356
rs6138460,0.4521,CST7,accelerator,CST7,0.020044,Peak_105356
rs955224195,0.104,CST7,accelerator,CST7,0.020044,Peak_105356
rs78016689,0.3072,CST7,accelerator,CST7,0.017597,Peak_105363
rs148973427,0.5838,CST7,accelerator,CST7,0.017597,Peak_105363
rs41457447,0.5524,CXCL10,accelerator,CXCL10,0.014932,Peak_135962
rs10336,0.4477,CXCL10,accelerator,CXCL10,0.014932,Peak_135962
rs776000188,0.6644,CXCL10,accelerator,CXCL10,0.014932,Peak_135962
rs139217278,0.3748,CXCL10,accelerator,CXCL10,0.078376,Peak_135970
rs4859414,0.7535,CXCL10,accelerator,CXCL10,0.078376,Peak_135970
rs4859595,0.7465,CXCL10,accelerator,CXCL10,0.078376,Peak_135970
rs7675618,0.6004,CXCL10,accelerator,CXCL10,0.019931,Peak_135978
rs757087183,0.08406,CXCL10,accelerator,CXCL10,0.019931,Peak_135978
rs936583541,0.3453,CXCL10,accelerator,CXCL10,0.019931,Peak_135978
rs564834330,0.5912,SPP1,accelerator,SPP1,0.010759,Peak_136904
rs57660351,0.4967,SPP1,accelerator,SPP1,0.01176,Peak_136905
rs2169612,0.448,SPP1,accelerator,SPP1,0.01176,Peak_136905
rs2169611,0.4452,SPP1,accelerator,SPP1,0.01176,Peak_136905
rs531174635,0.2749,SPP1,accelerator,SPP1,0.01176,Peak_136905
rs547852115,0.2359,SPP1,accelerator,SPP1,0.01176,Peak_136905
rs189971610,0.1418,SPP1,accelerator,SPP1,0.01176,Peak_136905
rs12509080,0.1921,SPP1,accelerator,SPP1,0.01176,Peak_136905
rs558234119,0.6564,SPP1,accelerator,SPP1,0.01176,Peak_136905
rs17716041,0.1356,SPP1,accelerator,SPP1,0.012395,Peak_136906
rs535106420,0.4662,SPP1,accelerator,SPP1,0.012395,Peak_136906
rs17013547,0.3285,SPP1,accelerator,SPP1,0.012395,Peak_136906
rs552632852,0.7861,SPP1,accelerator,SPP1,0.032755,Peak_136918
rs139281215,0.0207,SPP1,accelerator,SPP1,0.032755,Peak_136918
rs29001511,0.5831,SPP1,accelerator,SPP1,0.032755,Peak_136918
rs2728127,0.8407,SPP1,accelerator,SPP1,0.032755,Peak_136918
rs191220721,0.229,SPP1,accelerator,SPP1,0.064248,Peak_136921
rs187005766,0.05448,SPP1,accelerator,SPP1,0.064248,Peak_136921
rs6840362,0.7993,SPP1,accelerator,SPP1,0.064248,Peak_136921
rs191689965,0.8912,SPP1,accelerator,SPP1,0.064248,Peak_136921
rs552558200,0.06761,SPP1,accelerator,SPP1,0.014993,Peak_136927
rs189755499,0.8877,SPP1,accelerator,SPP1,0.014993,Peak_136927
rs6818332,0.3637,SPP1,accelerator,SPP1,0.014993,Peak_136927
rs142693862,0.4681,TLR2,accelerator,TLR2,0.081516,Peak_142988
rs553492144,0.9071,TLR2,accelerator,TLR2,0.081516,Peak_142988
rs78758382,0.9248,TLR2,accelerator,TLR2,0.079857,Peak_142989
rs4631021,0.1838,TLR2,accelerator,TLR2,0.079857,Peak_142989
rs1439163,0.5468,TLR2,accelerator,TLR2,0.033334,Peak_142991
rs59661591,0.5544,TLR2,accelerator,TLR2,0.014952,Peak_142999
rs535276587,0.5816,TLR2,accelerator,TLR2,0.014952,Peak_142999
rs190497842,0.1086,TLR2,accelerator,TLR2,0.014952,Peak_142999
rs543356059,0.1223,TLR2,accelerator,TLR2,0.014952,Peak_142999
rs183108334,0.1086,TLR2,accelerator,TLR2,0.014952,Peak_142999
rs188189964,0.1947,TLR2,accelerator,TLR2,0.014952,Peak_142999
rs560420255,0.05551,TLR2,accelerator,TLR2,0.024216,Peak_143000
rs4426759,0.7229,TLR2,accelerator,TLR2,0.024216,Peak_143000
rs138830440,0.5786,TLR2,accelerator,TLR2,0.024216,Peak_143000
rs62325092,0.0971,TLR2,accelerator,TLR2,0.018587,Peak_143003
rs987304588,0.6059,TLR2,accelerator,TLR2,0.018587,Peak_143003
rs10030266,0.4537,TLR2,accelerator,TLR2,0.018587,Peak_143003
rs565650760,0.1837,HMMR,resolution,HMMR,0.144201,Peak_160515
rs74671987,0.4898,HMMR,resolution,HMMR,0.144201,Peak_160515
rs7734424,0.2795,HMMR,resolution,HMMR,0.050593,Peak_160517
rs7709905,0.687,HMMR,resolution,HMMR,0.050593,Peak_160517
rs116072478,0.2615,TNF,accelerator,TNF,0.030699,Peak_164044
rs115625921,0.265,TNF,accelerator,TNF,0.030699,Peak_164044
rs919633244,0.1792,TNF,accelerator,TNF,0.030699,Peak_164044
rs13192469,0.8414,TNF,accelerator,TNF,0.030699,Peak_164044
rs185051470,0.08758,TNF,accelerator,TNF,0.030699,Peak_164044
rs72847262,0.5939,TNF,accelerator,TNF,0.030699,Peak_164044
rs148100444,0.8561,TNF,accelerator,TNF,0.030699,Peak_164044
rs35666400,0.1134,TNF,accelerator,TNF,0.010872,Peak_164046
rs2844483,0.04663,TNF,accelerator,TNF,0.010872,Peak_164046
rs2229699,0.368,TNF,accelerator,TNF,0.073193,Peak_164048
rs759953653,0.6689,TREM2,accelerator,TREM2,0.055523,Peak_164522
rs565502230,0.4091,TREM2,accelerator,TREM2,0.089576,Peak_164523
rs115361342,0.0003604,TREM2,accelerator,TREM2,0.089576,Peak_164523
rs533203620,0.5543,TREM2,accelerator,TREM2,0.032418,Peak_164526
rs78315527,0.3543,TREM2,accelerator,TREM2,0.032418,Peak_164526
rs73429229,0.8663,TREM2,accelerator,TREM2,0.060042,Peak_164527
rs73429230,0.3486,TREM2,accelerator,TREM2,0.060042,Peak_164527
rs9357347,1.606e-10,TREM2,accelerator,TREM2,0.060042,Peak_164527
rs536224966,0.02642,TREM2,accelerator,TREM2,0.060042,Peak_164527
rs76660699,7.873e-07,TREM2,accelerator,TREM2,0.060042,Peak_164527
rs9471492,3.831e-05,TREM2,accelerator,TREM2,0.022346,Peak_164528
rs9471493,4.684e-05,TREM2,accelerator,TREM2,0.022346,Peak_164528
rs571897291,0.6793,TREM2,accelerator,TREM2,0.022346,Peak_164528
rs116420292,0.2547,TREM2,accelerator,TREM2,0.022346,Peak_164528
rs147312894,0.7102,TREM2,accelerator,TREM2,0.022346,Peak_164528
rs185150564,0.5771,TREM2,accelerator,TREM2,0.022346,Peak_164528
rs9357348,9.617e-07,TREM2,accelerator,TREM2,0.022346,Peak_164528
rs183733714,0.8316,GPNMB,accelerator,GPNMB,0.01224,Peak_178624
rs115564536,0.4646,GPNMB,accelerator,GPNMB,0.01224,Peak_178624
rs860818,0.2318,GPNMB,accelerator,GPNMB,0.01224,Peak_178624
rs858281,0.2747,GPNMB,accelerator,GPNMB,0.01224,Peak_178624
rs78719061,0.7656,GPNMB,accelerator,GPNMB,0.035928,Peak_178625
rs570617260,0.9836,GPNMB,accelerator,GPNMB,0.035928,Peak_178625
rs140080845,0.9306,GPNMB,accelerator,GPNMB,0.035928,Peak_178625
rs116973377,0.3647,GPNMB,accelerator,GPNMB,0.051614,Peak_178628
rs1009654076,0.6762,GPNMB,accelerator,GPNMB,0.064181,Peak_178629
rs370170854,0.06513,GPNMB,accelerator,GPNMB,0.064181,Peak_178629
rs562133008,0.3802,GPNMB,accelerator,GPNMB,0.064181,Peak_178629
rs116616384,0.859,GPNMB,accelerator,GPNMB,0.064181,Peak_178629
rs6980952,0.9923,CTSB,DAM_only,CTSB,0.061209,Peak_190760
rs73534703,0.02066,CTSB,DAM_only,CTSB,0.061209,Peak_190760
rs188962635,0.6404,CTSB,DAM_only,CTSB,0.122829,Peak_190762
rs1736118,0.1267,CTSB,DAM_only,CTSB,0.072124,Peak_190765
rs190041970,0.02149,CTSB,DAM_only,CTSB,0.072124,Peak_190765
rs62495702,0.09974,CTSB,DAM_only,CTSB,0.072124,Peak_190765
rs2250903,0.09302,CTSB,DAM_only,CTSB,0.0756,Peak_190766
rs1624088,0.1074,CTSB,DAM_only,CTSB,0.0756,Peak_190766
rs545494329,0.1915,CTSB,DAM_only,CTSB,0.0756,Peak_190766
rs1736121,0.1124,CTSB,DAM_only,CTSB,0.0756,Peak_190766
rs904016,0.1277,CTSB,DAM_only,CTSB,0.0756,Peak_190766
rs61075184,0.7943,CTSB,DAM_only,CTSB,0.0756,Peak_190766
rs186029866,0.02242,CTSB,DAM_only,CTSB,0.0756,Peak_190766
rs146993049,0.2553,CTSB,DAM_only,CTSB,0.0756,Peak_190766
rs533918647,0.5649,CTSB,DAM_only,CTSB,0.0756,Peak_190766
rs1692807,0.1007,CTSB,DAM_only,CTSB,0.0756,Peak_190766
rs60409649,0.9713,CTSB,DAM_only,CTSB,0.016879,Peak_190768
rs181377081,0.6899,CTSB,DAM_only,CTSB,0.016879,Peak_190768
rs77423828,0.3657,CTSB,DAM_only,CTSB,0.016879,Peak_190768
rs62495704,0.6441,CTSB,DAM_only,CTSB,0.016879,Peak_190768
rs749957778,0.5453,CTSB,DAM_only,CTSB,0.0136,Peak_190773
rs147932157,0.4255,CTSB,DAM_only,CTSB,0.0136,Peak_190773
rs58408595,0.9762,CTSB,DAM_only,CTSB,0.0136,Peak_190773
rs11788407,0.1929,ANXA1,resolution,ANXA1,0.024957,Peak_206333
rs193162173,0.2628,ANXA1,resolution,ANXA1,0.024957,Peak_206333
rs11420456,0.5056,ANXA1,resolution,ANXA1,0.148963,Peak_206334
rs78938071,0.9702,ANXA1,resolution,ANXA1,0.148963,Peak_206334
rs12345770,0.9851,ANXA1,resolution,ANXA1,0.148963,Peak_206334
rs559205014,0.7538,CTSL,DAM_only,CTSL,0.029795,Peak_207409
rs757464007,0.863,CTSL,DAM_only,CTSL,0.029795,Peak_207409
rs77908712,0.6266,CTSL,DAM_only,CTSL,0.056121,Peak_207412
rs76627997,0.5013,CTSL,DAM_only,CTSL,0.056121,Peak_207412
rs4877370,0.8231,CTSL,DAM_only,CTSL,0.056121,Peak_207412
rs55870528,0.3769,CTSL,DAM_only,CTSL,0.056121,Peak_207412
rs72749712,0.4089,CTSL,DAM_only,CTSL,0.056121,Peak_207412
rs551705626,0.8553,CTSL,DAM_only,CTSL,0.056121,Peak_207412
rs3128500,0.8521,CTSL,DAM_only,CTSL,0.056121,Peak_207412
rs2378756,0.8039,CTSL,DAM_only,CTSL,0.142817,Peak_207413
rs376633627,0.7265,CTSL,DAM_only,CTSL,0.017651,Peak_207417
rs12349827,0.03759,CTSL,DAM_only,CTSL,0.017651,Peak_207417
rs9410966,0.7171,CTSL,DAM_only,CTSL,0.017651,Peak_207417
rs909070229,0.3656,CTSL,DAM_only,CTSL,0.017651,Peak_207417
rs12349926,0.2805,CTSL,DAM_only,CTSL,0.017651,Peak_207417
rs549934850,0.481,CTSL,DAM_only,CTSL,0.017651,Peak_207417
