gene,arm,base,CEBPB_delta,CEBPB_score,SPI1_delta,SPI1_score
APOE,accelerator,4.864281177520752,-0.0015716552734375,7.1155108277614065,-0.0923404693603515,15.275173726007884
APOE,accelerator,5.848806381225586,-0.0170645713806152,6.043757622053565,-0.0378684997558593,15.275173726007884
APOE,accelerator,6.819326877593994,-0.0076174736022949,9.226516797266328,-0.6990394592285156,15.4671906544003
APOE,accelerator,7.42572546005249,-0.1922307014465332,2.677777791085099,0.0012426376342773,11.808181090823702
APOE,accelerator,5.766637802124023,-0.0014638900756835,9.460678236131596,-0.2770333290100097,9.644217637755265
APOE,accelerator,6.410532474517822,-0.1506280899047851,11.511841242229057,0.0206804275512695,16.1371365672478
APOE,accelerator,6.303215503692627,-0.0015702247619628,11.511841242229057,-0.0204534530639648,13.44331775994751
APOE,accelerator,4.763032913208008,-0.0280714035034179,6.4676028936054895,-0.4425864219665527,12.877931211106343
APOE,accelerator,8.005208969116211,0.0007572174072265,7.280670653139159,-0.0606937408447265,9.290866814837214
APOE,accelerator,5.530069351196289,-0.0111804008483886,6.579654961024669,-0.0166554450988769,9.19580032016442
APOE,accelerator,6.357368469238281,-0.2626457214355469,6.157015611225301,0.0369820594787597,12.70251238710634
APOE,accelerator,5.674436092376709,-0.0488791465759277,6.157015611225301,-0.0485320091247558,9.324970480257884
APOE,accelerator,6.458271503448486,-0.1048431396484375,8.519222503923356,-0.0091629028320312,12.53689181348576
APOE,accelerator,7.042313098907471,-0.0105423927307128,9.186478482124269,-0.0247807502746582,17.91494634718005
APOE,accelerator,5.960989475250244,0.0346326828002929,5.965668504617321,0.0809888839721679,11.235384529006131
APOE,accelerator,4.313035011291504,0.1420698165893554,9.075623164495148,0.0494484901428222,9.55024904721107
APOE,accelerator,7.111178398132324,0.0321769714355468,11.876972847127778,-0.0436758995056152,17.91494634718005
APOE,accelerator,5.47157096862793,0.0352568626403808,5.912398982823758,-0.1268930435180664,17.91494634718005
APOE,accelerator,5.124046325683594,-0.0779666900634765,12.506345470497918,-0.005446434020996,14.604146032536793
APOE,accelerator,6.458057403564453,0.0030345916748046,6.579654961024669,-1.6644434928894043,17.67919508888864
APOE,accelerator,4.983779430389404,-0.4371685981750488,12.629651591734063,-0.0434722900390625,13.408737308392794
APOE,accelerator,5.172415733337402,-0.0019817352294921,5.912398982823758,-0.0074038505554199,6.692992394394097
APOE,accelerator,6.863802909851074,0.0054583549499511,4.840621578175076,-0.0094084739685058,8.781801020062112
APOE,accelerator,7.5638298988342285,0.0090937614440917,9.323418847821742,0.0001964569091796,13.08138567840074
B2M,accelerator,7.116896152496338,0.0034165382385253,9.022034620089206,-0.0089211463928222,9.724111550146214
B2M,accelerator,3.757678270339966,0.0056138038635253,4.105852605127839,-0.0177783966064453,11.898682041384156
B2M,accelerator,5.24699068069458,0.0053973197937011,6.605089260051873,-0.6596145629882812,10.81479018298173
B2M,accelerator,5.951557636260986,-0.0034265518188476,5.963916582115857,-1.064295768737793,18.506862170276495
B2M,accelerator,6.183948040008545,-0.0049986839294433,5.963916582115857,-0.7028055191040039,18.506862170276495
B2M,accelerator,6.364480972290039,-0.0016431808471679,3.7560085620555217,-0.3097872734069824,18.506862170276495
B2M,accelerator,6.9858574867248535,0.0046381950378417,6.234881645897367,-0.0541543960571289,14.446676506945993
B2M,accelerator,6.44196891784668,-0.0057878494262695,6.391272568568341,-0.0325684547424316,14.446676506945993
B2M,accelerator,5.415812969207764,-0.0032615661621093,6.278825906003539,0.0027642250061035,10.984784983778503
B2M,accelerator,7.352122306823731,-0.0080494880676269,12.3954901528688,-0.0321407318115234,13.12363394847688
B2M,accelerator,5.836191177368164,-0.0132946968078613,7.425719593501488,-0.018935203552246,16.698853420315075
B2M,accelerator,6.081223487854004,-0.0245280265808105,6.570065144338733,-0.0211973190307617,10.409691589449652
C1QA,accelerator,5.586273193359375,-0.0646595954895019,7.251411971221375,-0.0401153564453125,12.4024551654625
C1QA,accelerator,6.752566814422607,-0.0094733238220214,6.367731544010947,-0.504122257232666,13.763666826226114
C1QA,accelerator,6.040708541870117,-0.0066561698913574,3.1153194416202217,-0.0684599876403808,11.004051129998428
C1QA,accelerator,6.127845287322998,-0.1062302589416503,5.64576477037364,-0.0999722480773925,12.379046743014072
C1QA,accelerator,6.240755081176758,-0.0115923881530761,5.827364689614736,0.07529878616333,12.856159493639414
C1QA,accelerator,3.607560157775879,0.0007040500640869,9.324237044326306,-0.0158658027648925,12.962214705816448
C1QA,accelerator,5.216300964355469,-0.005220890045166,3.883809440839018,-0.0273394584655761,11.448516221818288
C1QA,accelerator,5.988029479980469,4.57763671875e-05,6.084043648426955,-0.0511641502380371,17.052106562264164
C1QA,accelerator,5.414729118347168,-0.0851936340332031,7.251411971221375,-0.0013594627380371,8.476609944231733
C1QA,accelerator,6.1421356201171875,-0.0036182403564453,4.59017628813565,-0.832176685333252,20.141271526267836
C1QA,accelerator,6.186897277832031,-0.0015740394592285,11.876972847127778,-1.6167898178100586,12.54261232310731
C1QB,accelerator,6.752566814422607,-0.0094733238220214,6.367731544010947,-0.504122257232666,13.763666826226114
C1QB,accelerator,6.040708541870117,-0.0066561698913574,3.1153194416202217,-0.0684599876403808,11.004051129998428
C1QB,accelerator,6.127845287322998,-0.1062302589416503,5.64576477037364,-0.0999722480773925,12.379046743014072
C1QB,accelerator,6.240755081176758,-0.0115923881530761,5.827364689614736,0.07529878616333,12.856159493639414
C1QB,accelerator,3.607560157775879,0.0007040500640869,9.324237044326306,-0.0158658027648925,12.962214705816448
C1QB,accelerator,5.216300964355469,-0.005220890045166,3.883809440839018,-0.0273394584655761,11.448516221818288
C1QB,accelerator,5.988029479980469,4.57763671875e-05,6.084043648426955,-0.0511641502380371,17.052106562264164
C1QB,accelerator,5.414729118347168,-0.0851936340332031,7.251411971221375,-0.0013594627380371,8.476609944231733
C1QB,accelerator,6.1421356201171875,-0.0036182403564453,4.59017628813565,-0.832176685333252,20.141271526267836
C1QB,accelerator,6.186897277832031,-0.0015740394592285,11.876972847127778,-1.6167898178100586,12.54261232310731
C1QB,accelerator,4.786310195922852,0.001720905303955,9.186478482124269,-1.237687349319458,21.74853472285494
C1QB,accelerator,5.681112766265869,0.0119667053222656,9.349282870157156,-0.0098838806152343,11.229270463856434
C1QC,accelerator,6.752566814422607,-0.0094733238220214,6.367731544010947,-0.504122257232666,13.763666826226114
C1QC,accelerator,6.040708541870117,-0.0066561698913574,3.1153194416202217,-0.0684599876403808,11.004051129998428
C1QC,accelerator,6.127845287322998,-0.1062302589416503,5.64576477037364,-0.0999722480773925,12.379046743014072
C1QC,accelerator,6.240755081176758,-0.0115923881530761,5.827364689614736,0.07529878616333,12.856159493639414
C1QC,accelerator,3.607560157775879,0.0007040500640869,9.324237044326306,-0.0158658027648925,12.962214705816448
C1QC,accelerator,5.216300964355469,-0.005220890045166,3.883809440839018,-0.0273394584655761,11.448516221818288
C1QC,accelerator,5.988029479980469,4.57763671875e-05,6.084043648426955,-0.0511641502380371,17.052106562264164
C1QC,accelerator,5.414729118347168,-0.0851936340332031,7.251411971221375,-0.0013594627380371,8.476609944231733
C1QC,accelerator,6.1421356201171875,-0.0036182403564453,4.59017628813565,-0.832176685333252,20.141271526267836
C1QC,accelerator,6.186897277832031,-0.0015740394592285,11.876972847127778,-1.6167898178100586,12.54261232310731
C1QC,accelerator,4.786310195922852,0.001720905303955,9.186478482124269,-1.237687349319458,21.74853472285494
C3,accelerator,4.915889263153076,-0.0744261741638183,9.600284239312868,0.0148158073425292,10.257090212090183
C3,accelerator,6.485243320465088,0.0072784423828125,4.832471988149522,-1.3284215927124023,17.86082462830415
C3,accelerator,6.453366756439209,-1.700425148010254,10.21281693239256,-0.0096864700317382,7.452380200358315
C3,accelerator,6.7208404541015625,-0.0005292892456054,11.876972847127778,-0.0161552429199218,13.282456086209702
C3,accelerator,6.921818256378174,-0.0030360221862792,0.6545709208531885,0.0470194816589355,8.02158604428001
C3,accelerator,5.869564533233643,-0.0134272575378417,8.519222503923356,-0.1150698661804199,12.515237539850778
C3,accelerator,6.699949264526367,0.0036311149597167,9.271901248529645,-1.7048711776733398,14.940509082887974
C3,accelerator,7.0295209884643555,-0.0140471458435058,4.164966819330252,0.0012669563293457,13.827430874849838
C3,accelerator,7.430554389953613,0.0081796646118164,11.68644393702436,-0.0118546485900878,13.626330474316468
C3,accelerator,6.966609001159668,0.0003566741943359,10.40416403900054,-0.003732681274414,11.68504417648196
C3,accelerator,6.834519386291504,0.0327734947204589,6.2007436584649245,-0.026839256286621,8.018098327652307
C3,accelerator,6.498651504516602,4.482269287109375e-05,8.715958450815581,-1.0710387229919434,19.44047141473696
C3,accelerator,6.585361480712891,0.0098581314086914,7.988875374849233,-0.000246524810791,10.491906941329644
C3,accelerator,6.6206135749816895,0.0071406364440917,7.406775308218844,-0.043764591217041,10.491906941329644
C3,accelerator,5.957636833190918,0.0004515647888183,7.406775308218844,-0.0209007263183593,10.491906941329644
CD44,accelerator,4.77976655960083,-0.0089149475097656,9.186478482124269,0.0037269592285156,11.961192689235284
CD44,accelerator,5.990912914276123,-0.0029668807983398,3.6148731932887888,-0.6098990440368652,14.752341608808628
CD44,accelerator,5.855445384979248,-0.0063753128051757,7.53990210006224,0.0746350288391113,16.55623996287419
CD44,accelerator,6.54212760925293,0.0529289245605468,9.73605834772438,0.0017542839050292,12.386567793322948
CD44,accelerator,5.538339138031006,0.0017013549804687,8.708739637094965,-1.0728840827941897,11.142502328574851
CD44,accelerator,5.901994228363037,-0.0033473968505859,6.579654961024669,-0.9482316970825196,16.070104591132015
CD44,accelerator,6.049200057983398,-0.0040559768676757,7.322460890782683,-0.5516877174377441,13.09415011424
CD44,accelerator,5.142813205718994,-0.4182491302490234,9.112586115560742,0.0141286849975585,11.096627610459803
CD44,accelerator,5.419233322143555,4.76837158203125e-07,8.408367186294237,0.0424127578735351,12.799938667940625
CD44,accelerator,5.353087425231934,-0.0007085800170898,6.8174409999907635,-1.3738420009613037,16.717610315061926
CD68,accelerator,5.5579352378845215,-0.0407576560974121,4.165785015834816,0.0295252799987792,12.89802026042504
CD68,accelerator,7.326943397521973,-0.0018043518066406,6.4676028936054895,0.0400505065917968,13.827360575712344
CD68,accelerator,5.366042137145996,0.0436954498291015,8.995949572020852,-0.0395078659057617,12.517906159708447
CD68,accelerator,6.994311332702637,0.008676528930664,12.204961242765382,0.001070499420166,13.099679550914685
CD68,accelerator,6.555150032043457,-0.273561954498291,11.39858325305732,-0.1402168273925781,11.928560785703562
CD68,accelerator,6.227510929107666,-0.0250821113586425,5.609818005301162,0.0035300254821777,11.166673415356822
CD68,accelerator,6.759312152862549,0.0002164840698242,5.609818005301162,0.014862060546875,10.345663167211049
CD68,accelerator,7.3650946617126465,-0.1419272422790527,13.068495305000788,0.0186429023742675,14.726413710041296
CD68,accelerator,6.589721202850342,-0.3048429489135742,9.460138187786274,-0.7906222343444824,18.4521396695279
CD68,accelerator,6.972056865692139,-0.075263500213623,6.867234357987445,0.0184264183044433,14.967147751856812
CD68,accelerator,5.90484619140625,0.2684493064880371,2.9094370184594256,0.012404441833496,6.084792156090781
CD68,accelerator,7.132684230804443,-0.0105209350585937,5.912398982823758,0.0347990989685058,11.712343688220866
CD68,accelerator,6.433060646057129,0.0909733772277832,6.607665501007169,0.0421018600463867,16.381847010275706
CD68,accelerator,6.413116931915283,0.0003728866577148,5.133945612410562,-0.0004734992980957,16.381847010275706
CD68,accelerator,5.604851245880127,0.0008172988891601,5.912398982823758,-0.0072131156921386,13.960380707049996
CLEC7A,accelerator,5.519249439239502,-0.6064858436584473,8.18828574159565,-0.8980097770690918,12.564864469556133
CLEC7A,accelerator,5.318835735321045,0.0157351493835449,11.876972847127778,0.4444193840026855,9.475874074982558
CLEC7A,accelerator,5.0736212730407715,0.0063023567199707,8.656131353050144,-0.5739355087280273,17.076210313481596
CLEC7A,accelerator,5.801403045654297,-0.0059332847595214,10.403345842495977,-0.0588850975036621,15.663219665912106
CLEC7A,accelerator,5.610168933868408,-0.0738825798034668,10.403345842495977,-0.056957721710205,15.663219665912106
CLEC7A,accelerator,4.524669647216797,0.0573310852050781,9.979195541872617,-0.6107578277587891,15.0349655956915
CLEC7A,accelerator,4.983600616455078,-0.0014829635620117,9.311939563671704,0.0131387710571289,15.491188559208574
CLEC7A,accelerator,6.3146653175354,0.0001726150512695,8.519962649493012,-0.1869363784790039,10.652129667882768
CLEC7A,accelerator,5.9308953285217285,-0.0033745765686035,9.271901248529645,-0.4297208786010742,13.007296788055587
CLEC7A,accelerator,5.841859817504883,-0.0260930061340332,7.997756831492232,0.013467788696289,12.105893161029735
CLEC7A,accelerator,5.659214019775391,5.7220458984375e-06,9.986414355593231,-0.9848604202270508,12.963229036161712
CLEC7A,accelerator,5.493359565734863,-0.0033774375915527,9.986414355593231,0.003514289855957,12.44539007519102
CLEC7A,accelerator,3.8223860263824463,0.0077190399169921,13.259024215104205,0.0116512775421142,12.517484330217972
CLEC7A,accelerator,5.616477966308594,0.0035066604614257,7.105391080486308,-0.0093412399291992,12.135047507987156
CLEC7A,accelerator,5.836263179779053,0.002514362335205,6.276334143533839,-0.9995193481445312,15.636470167640557
CLEC7A,accelerator,6.283013820648193,-0.0372295379638671,10.669240178332473,0.0219793319702148,17.10331709712634
CLEC7A,accelerator,4.1327362060546875,0.0254693031311035,6.177202633907531,-0.0146598815917968,17.10331709712634
CLEC7A,accelerator,4.477919101715088,-0.3662071228027344,9.157357418640766,-0.0295414924621582,12.057714511942812
CLEC7A,accelerator,4.727581977844238,0.0075292587280273,7.442759077829356,-0.0217971801757812,13.73804659768605
CLEC7A,accelerator,5.155281066894531,-0.0654544830322265,6.607665501007169,-0.0278382301330566,13.73804659768605
CLEC7A,accelerator,5.286352157592773,-0.0104575157165527,9.186478482124269,-0.0146722793579101,14.459399623611125
CLEC7A,accelerator,4.659387111663818,-0.0051503181457519,9.186478482124269,0.0056390762329101,12.085875514785997
CLEC7A,accelerator,4.792583465576172,-0.0006742477416992,9.157357418640766,-0.0745720863342285,14.722821291402706
CLEC7A,accelerator,5.201711654663086,-0.0110144615173339,9.939157226730556,0.0089526176452636,11.54378032647892
CLEC7A,accelerator,6.395267963409424,0.0167088508605957,7.237321122539645,0.0086545944213867,15.13450522895112
CLEC7A,accelerator,6.819149494171143,0.0076231956481933,7.237321122539645,-0.020662784576416,11.710698041915943
CST7,accelerator,6.8717474937438965,0.0219612121582031,9.4607676326601,-0.1480050086975097,15.670748850634102
CST7,accelerator,5.395312786102295,0.026587963104248,5.005138093186532,0.0236201286315917,13.378599096591804
CST7,accelerator,5.63855504989624,3.814697265625e-06,3.608518725774738,-0.0028018951416015,10.832547174529296
CST7,accelerator,6.059158802032471,-0.1610689163208007,11.39858325305732,0.0113639831542968,11.065923224681288
CST7,accelerator,5.056651592254639,0.0212950706481933,7.500266822730002,-0.0770850181579589,9.95083267975699
CST7,accelerator,5.992307662963867,-3.528594970703125e-05,8.819594954724083,-0.0021982192993164,10.657106423287852
CST7,accelerator,5.320489406585693,-0.2542815208435058,8.08111893622629,-1.0944509506225586,14.556337593577762
CST7,accelerator,4.906543731689453,-0.0336871147155761,8.08111893622629,-0.1541223526000976,14.556337593577762
CST7,accelerator,5.513571262359619,0.0016002655029296,10.192513110234977,-0.0065817832946777,12.35639415139654
CST7,accelerator,5.328011989593506,-0.0197186470031738,10.192513110234977,0.0962710380554199,15.257116254579117
CST7,accelerator,6.24315881729126,0.0161066055297851,8.195437822435641,0.0085821151733398,14.92248881738348
CST7,accelerator,5.435592174530029,0.023169994354248,8.195437822435641,-0.0641660690307617,14.92248881738348
CST7,accelerator,5.594314098358154,-0.011178970336914,9.73605834772438,0.0240039825439453,13.020093967162683
CST7,accelerator,7.316406726837158,-0.0132732391357421,8.559260819065415,0.0131916999816894,11.48201254462613
CST7,accelerator,5.826797962188721,0.0059971809387207,8.077430423966529,-0.2604141235351562,13.60391937572469
CST7,accelerator,6.019443988800049,-0.0573554039001464,8.922057205457326,-0.0168371200561523,14.286077909887862
CST7,accelerator,5.662912368774414,0.0401015281677246,8.85846495337793,0.0921473503112793,16.561235790216415
CST7,accelerator,5.1031060218811035,0.0060148239135742,12.480912919274171,0.0122365951538085,16.561235790216415
CST7,accelerator,5.611093521118164,0.0005288124084472,6.590368966496317,-0.0861487388610839,15.692891875031226
CST7,accelerator,7.0318403244018555,0.0003633499145507,6.4676028936054895,-1.2176566123962402,14.19066798237349
CST7,accelerator,5.218859672546387,-0.0170373916625976,9.335192021475423,0.1372618675231933,10.577206424474342
CXCL10,accelerator,6.449745178222656,0.0057992935180664,9.711139556941989,-0.1459159851074218,13.018491220936006
CXCL10,accelerator,6.331210136413574,0.0075654983520507,9.979195541872617,-0.0004401206970214,12.42299093717822
CXCL10,accelerator,4.845034122467041,-0.3585553169250488,8.970517020797109,0.0099515914916992,8.05430660537325
CXCL10,accelerator,5.970133304595947,0.0102672576904296,6.4676028936054895,0.0324125289916992,13.236970494132034
CXCL10,accelerator,5.355600357055664,-0.0029115676879882,6.316709260834312,-0.0442028045654296,13.95188362746213
CXCL10,accelerator,5.972663879394531,-0.0822219848632812,9.323418847821742,-0.0220837593078613,11.88182928719306
CXCL10,accelerator,4.728960990905762,0.0111670494079589,7.406775308218844,-0.000380516052246,13.23730117053664
CXCL10,accelerator,4.539942264556885,-0.0167899131774902,6.924981917657991,-0.0020551681518554,12.536293780985192
CXCL10,accelerator,6.173800468444824,0.0249114036560058,12.629651591734063,-0.0119199752807617,15.908392607054196
GPNMB,accelerator,6.909926891326904,-0.5173358917236328,3.7577047857593344,0.0238556861877441,12.342486522053088
GPNMB,accelerator,5.982864856719971,-0.0102105140686035,10.10196161476344,-0.0138177871704101,12.668364960645562
GPNMB,accelerator,5.192054271697998,-0.1803703308105468,10.10196161476344,-0.2731361389160156,12.668364960645562
GPNMB,accelerator,5.486342430114746,-0.0107021331787109,9.27014932602818,-0.7698278427124023,14.220315481751568
GPNMB,accelerator,6.0837602615356445,0.0080170631408691,8.668701321952906,-1.0544471740722656,17.665244834864787
GPNMB,accelerator,5.443690776824951,0.0011839866638183,9.271901248529645,-0.1373171806335449,14.51994793998522
GPNMB,accelerator,5.281802654266357,0.026684284210205,9.901273871899782,-0.7150969505310059,12.140397549174828
GPNMB,accelerator,7.092162132263184,-0.2026386260986328,6.277073983502074,-0.1853804588317871,15.42521011685241
GPNMB,accelerator,4.476006507873535,0.0026674270629882,9.335192021475423,-0.0039267539978027,12.185030715308212
GPNMB,accelerator,5.330034255981445,0.0029988288879394,6.7336348110500115,0.0079460144042968,14.483203779368564
GPNMB,accelerator,5.439539909362793,-0.0329518318176269,9.651485294394256,0.0078029632568359,7.809426394128057
GPNMB,accelerator,6.809813499450684,0.0178017616271972,4.273785722226885,0.0469474792480468,16.739169817865875
IL1B,accelerator,7.0776472091674805,-0.0029006004333496,6.6108687381591835,0.0016264915466308,9.629945364953103
IL1B,accelerator,5.519294738769531,0.0088772773742675,5.534909452744521,-1.1537761688232422,16.432852563481745
IL1B,accelerator,5.674108028411865,-0.343149185180664,6.29179427705763,0.0135412216186523,13.013465572484677
IL1B,accelerator,5.37868070602417,0.015517234802246,10.192513110234977,-0.1014199256896972,17.93030065119682
IL1B,accelerator,5.396342754364014,-0.3551621437072754,8.08111893622629,-0.544219970703125,17.93030065119682
IL1B,accelerator,4.614011764526367,-0.1089715957641601,8.08111893622629,-0.2021522521972656,17.93030065119682
IL1B,accelerator,6.055264949798584,-7.772445678710938e-05,5.638199228816431,0.1004939079284668,14.32197196788208
IL1B,accelerator,5.855081558227539,0.0026912689208984,7.16397064310119,-0.0079660415649414,17.880825847729973
IL1B,accelerator,5.896256923675537,0.0038399696350097,9.03598788716291,-0.5496029853820801,13.179298190371265
IL1B,accelerator,5.605864524841309,-0.9845399856567384,10.859769088435888,-0.1765985488891601,12.888152410256255
IL1B,accelerator,5.641631126403809,-0.3071169853210449,12.315816560394502,0.0487241744995117,15.945404456393288
IL1B,accelerator,5.97185754776001,-0.0672307014465332,13.148168897475085,-0.0114665031433105,14.963956955755958
IL1B,accelerator,5.047621726989746,-0.0668854713439941,11.876972847127778,-0.1494112014770507,9.45574396198419
IL1B,accelerator,5.6149210929870605,-0.222693920135498,9.226516797266328,-8.58306884765625e-06,11.93917981752163
IL1B,accelerator,5.524057388305664,-0.2106380462646484,9.979195541872617,-0.0455446243286132,9.740602739946793
IL1B,accelerator,4.9568047523498535,0.0321884155273437,9.27014932602818,0.0663204193115234,8.753035882009023
IL1B,accelerator,5.019139766693115,0.0118093490600585,9.271901248529645,0.0098147392272949,9.704218829790245
ITGAX,accelerator,6.54709529876709,0.0010595321655273,9.446047339104544,-0.0149288177490234,10.691724293369065
ITGAX,accelerator,4.507450103759766,2.3365020751953125e-05,8.519222503923356,-0.047304630279541,9.881174146674482
ITGAX,accelerator,5.829427242279053,-1.0876245498657229,13.068495305000788,-0.0018568038940429,16.053221138666594
ITGAX,accelerator,3.122825860977173,0.010671854019165,8.408367186294237,-0.0196988582611084,15.556256508210772
ITGAX,accelerator,6.5250091552734375,0.0085768699645996,8.077430423966529,-1.1927199363708496,15.340196850033786
ITGAX,accelerator,6.798644065856934,0.0564942359924316,3.4976793245586544,-0.6794219017028809,15.908407816435778
ITGAX,accelerator,6.576091766357422,0.0007848739624023,8.519222503923356,0.0062870979309082,8.700667814112014
ITGAX,accelerator,6.231762409210205,0.0003418922424316,5.828728138919847,-0.96284818649292,10.081258694306698
ITGAX,accelerator,5.858835697174072,0.0399756431579589,9.73605834772438,-0.6425662040710449,14.233358110927313
ITGAX,accelerator,5.7225260734558105,-0.6027688980102539,9.651485294394256,0.0002045631408691,15.228491336309556
ITGAX,accelerator,5.479925155639648,-0.0030860900878906,8.819594954724083,-0.6163215637207031,12.95677637917132
ITGAX,accelerator,5.978544235229492,-0.0036826133728027,8.519222503923356,-0.0411901473999023,9.996641994163188
ITGAX,accelerator,6.445425987243652,-0.019604206085205,7.123517169264388,0.181398868560791,8.573794375136934
LGALS3,accelerator,7.166722774505615,0.0091466903686523,7.237321122539645,-0.0780496597290039,12.830090997534732
LGALS3,accelerator,7.115687847137451,-2.1457672119140625e-05,8.232012568997467,0.0130367279052734,9.117469855017664
LGALS3,accelerator,4.80464506149292,0.0083279609680175,12.3954901528688,-0.0187888145446777,15.90417797875455
LGALS3,accelerator,5.4715423583984375,-0.0216894149780273,11.537705264564469,-0.9174742698669434,14.887838393482165
LGALS3,accelerator,4.976083278656006,0.0559587478637695,9.161045930900524,-0.2294373512268066,12.93149062663477
LGALS3,accelerator,6.069830894470215,0.0166163444519042,8.906487360918998,0.0360369682312011,15.807572333698364
LGALS3,accelerator,6.5262956619262695,0.0072579383850097,6.345792598827253,-0.0052671432495117,11.361643367130949
LGALS3,accelerator,6.495002746582031,-0.0245361328125,6.128519427014429,-0.4993634223937988,10.690343245514583
LGALS3,accelerator,6.057145595550537,0.0083231925964355,9.790418554270664,-1.1644015312194824,11.357054707527467
LGALS3,accelerator,5.82598352432251,0.0061917304992675,6.924981917657991,-0.4676117897033691,15.154089132290595
LGALS3,accelerator,5.83112907409668,-0.0282044410705566,9.589313183658238,-0.0076403617858886,11.461468009918962
LGALS3,accelerator,6.626252174377441,-0.001901626586914,5.15972023821747,0.0018959045410156,8.830475414804079
LPL,accelerator,5.854075908660889,0.0056877136230468,9.906740763118936,-0.0008816719055175,8.513171729447604
LPL,accelerator,5.5557966232299805,0.0238580703735351,8.465602442946729,-1.4868712425231934,14.06797399712766
LPL,accelerator,5.100751876831055,-0.5984029769897461,9.112586115560742,0.0612082481384277,14.61607206820796
LPL,accelerator,4.85343074798584,0.059248924255371,9.906740763118936,-0.0482163429260253,9.904328939883532
LPL,accelerator,5.390092372894287,-0.0082268714904785,10.192513110234977,-0.9194221496582032,21.635502531082437
LPL,accelerator,4.981565475463867,-0.097083568572998,11.766117529498658,-0.0004057884216308,15.537400460482498
LPL,accelerator,5.936663627624512,-0.0092859268188476,5.609818005301162,0.0105938911437988,13.174922056994848
LPL,accelerator,5.968029499053955,0.13004732131958,8.85846495337793,-0.6847538948059082,16.64416848521148
LPL,accelerator,6.351578712463379,-0.0007696151733398,6.2800226557936,0.004711627960205,14.141293547970465
LPL,accelerator,4.493230819702148,-0.3708372116088867,9.121410653568288,-0.1838316917419433,10.43714887783213
LPL,accelerator,5.079983234405518,0.1371598243713379,9.790418554270664,-0.1570358276367187,16.627966935153964
SPP1,accelerator,5.108514785766602,-0.0381512641906738,10.40416403900054,-1.798384189605713,22.535590570494428
SPP1,accelerator,6.067509651184082,-0.112525463104248,4.8942827755574125,-0.4846282005310058,13.00241501114304
SPP1,accelerator,3.5886013507843018,-0.0058443546295166,9.790418554270664,0.1212935447692871,11.290627792494918
SPP1,accelerator,5.400518894195557,-0.0267400741577148,6.4676028936054895,0.0073747634887695,11.53864240742304
SPP1,accelerator,5.214023113250732,0.0089473724365234,9.589313183658238,-0.4489774703979492,13.735015248076673
SPP1,accelerator,4.985234260559082,-0.0028042793273925,7.690795732833418,-1.0956017971038818,11.798095355744197
SPP1,accelerator,4.112380027770996,-0.0098776817321777,8.89926854719838,-0.007397174835205,10.684874653480126
SPP1,accelerator,5.355404376983643,-0.0008826255798339,10.669240178332473,-0.0123353004455566,13.761441650948214
SPP1,accelerator,5.700623512268066,-0.3407297134399414,9.828301909101436,-0.5977015495300293,10.548972559080251
SPP1,accelerator,4.81419038772583,-0.1372737884521484,11.876972847127778,-0.0284061431884765,13.985504411313132
SPP1,accelerator,4.459445953369141,-0.0225205421447753,8.559260819065415,-0.0613040924072265,15.6850307013394
SPP1,accelerator,6.595252513885498,-0.0086183547973632,8.708088888053812,-4.2438507080078125e-05,13.877003808655664
SPP1,accelerator,5.099299907684326,0.003333568572998,7.0467922124362286,0.0203900337219238,13.909933922421484
SPP1,accelerator,5.668607234954834,0.00323486328125,8.983379603118092,-0.0003504753112792,17.773553583832502
SPP1,accelerator,4.431975841522217,0.0593738555908203,12.290384009170758,-0.0071630477905273,9.745677433165527
TLR2,accelerator,5.187209129333496,-0.0179681777954101,8.819594954724083,0.0041446685791015,15.01785934218646
TLR2,accelerator,5.2472758293151855,-0.0648989677429199,10.859769088435888,-0.0768413543701171,15.035101659204036
TLR2,accelerator,5.660117149353027,-0.0240812301635742,12.629651591734063,-0.7823119163513184,16.934583743920676
TLR2,accelerator,4.870663166046143,-0.0109829902648925,9.795885445489818,-0.0070376396179199,10.265148272365364
TLR2,accelerator,6.864327430725098,-0.3557019233703613,7.500266822730002,-0.1074132919311523,15.38929125114768
TLR2,accelerator,5.7945637702941895,-0.0769448280334472,11.39858325305732,-0.4055266380310058,12.07878593182471
TLR2,accelerator,5.258509635925293,-0.160862922668457,13.259024215104205,-0.6811552047729492,12.720846303349491
TLR2,accelerator,6.12248420715332,-0.3262662887573242,13.259024215104205,-1.0870294570922852,12.720846303349491
TLR2,accelerator,5.66416597366333,-0.3309564590454101,13.259024215104205,-0.7847867012023926,12.720846303349491
TLR2,accelerator,5.109642505645752,-0.0104141235351562,9.899521949398318,-0.0081949234008789,13.473635289870083
TLR2,accelerator,6.095613956451416,-0.0578675270080566,6.861389665578595,0.0448408126831054,14.027607043805208
TLR2,accelerator,5.583774089813232,0.0402135848999023,10.192513110234977,-0.4684343338012695,17.590795950737213
TLR2,accelerator,5.127308368682861,-0.0040979385375976,9.157357418640766,-1.320981502532959,18.28477328782337
TLR2,accelerator,5.629829406738281,-0.0248312950134277,9.599889644167249,-1.685075283050537,17.52522995159064
TLR2,accelerator,5.62916374206543,0.0009841918945312,7.425719593501488,-0.003237247467041,9.613285888305136
TLR2,accelerator,4.742306709289551,-0.0052781105041503,9.63657624920796,0.0054407119750976,9.115685322311888
TLR2,accelerator,6.047773361206055,-7.2479248046875e-05,6.659328553498966,0.003145694732666,11.686580903142424
TNF,accelerator,6.620940208435059,4.76837158203125e-07,4.875570834061994,-0.0094838142395019,11.387930917174543
TNF,accelerator,5.983726501464844,-0.0217881202697753,11.876972847127778,-0.0298013687133789,17.06475017682241
TNF,accelerator,6.535838603973389,0.0040907859802246,4.630214603277709,0.0062160491943359,17.06475017682241
TNF,accelerator,5.46252965927124,0.0058107376098632,9.27014932602818,0.0698237419128418,11.968141912229362
TNF,accelerator,6.637324333190918,-0.0191149711608886,9.4607676326601,0.0105299949645996,11.230470009615445
TNF,accelerator,5.844318389892578,-0.0888023376464843,9.711139556941989,-0.219395637512207,10.216380180609937
TNF,accelerator,6.489784240722656,-0.2705922126770019,9.711139556941989,-0.0384893417358398,10.216380180609937
TNF,accelerator,4.937015533447266,-0.0056767463684082,9.186478482124269,0.5807085037231445,10.882001687465678
TNF,accelerator,6.945087909698486,-0.1291890144348144,8.983379603118092,-0.0072283744812011,12.58446690756271
TNF,accelerator,6.847074508666992,-0.0595293045043945,8.983379603118092,0.0526976585388183,12.87641029920294
TNF,accelerator,6.143083572387695,0.0015702247619628,5.912398982823758,0.047184944152832,12.87641029920294
TNF,accelerator,5.537328720092773,-0.0120611190795898,5.060973649612215,-0.0198760032653808,16.199202084011645
TNF,accelerator,6.435461521148682,0.0249619483947753,3.9465374721589375,-0.1207542419433593,14.934991659006812
TNF,accelerator,5.843408584594727,0.0012836456298828,9.287188810356046,-0.0067343711853027,9.975586484438743
TNF,accelerator,6.9871039390563965,0.0023193359375,7.997756831492232,-0.5379676818847656,12.94719082135273
TNF,accelerator,3.6017727851867676,-0.0004084110260009,9.186478482124269,8.416175842285156e-05,8.820960891918963
TNF,accelerator,5.233079433441162,0.006143569946289,9.186478482124269,-0.2674670219421386,10.441258336584246
TNF,accelerator,5.764895439147949,0.0017218589782714,9.271901248529645,0.0001158714294433,15.756611634185628
TNF,accelerator,6.256822109222412,-0.0179080963134765,5.579401558824731,-0.0206842422485351,15.756611634185628
TNF,accelerator,7.344115734100342,0.0278267860412597,9.10668572435424,-0.0011296272277832,10.4204105523211
TNF,accelerator,7.068767547607422,0.0243287086486816,7.131931980679267,-0.0047669410705566,11.537568592732049
TNF,accelerator,6.755027770996094,-0.005528450012207,10.669240178332473,-0.0358505249023437,13.311014096063932
TNF,accelerator,7.188149929046631,0.030287742614746,7.471199563242576,0.0570559501647949,11.098287796816315
TREM2,accelerator,7.693802356719971,-0.0145349502563476,3.6450503664842167,-0.0051865577697753,16.82514472415987
TREM2,accelerator,4.572080612182617,-0.0284428596496582,6.284292797222692,-0.4718837738037109,16.602517235272632
TREM2,accelerator,5.87910270690918,-0.2075347900390625,9.986414355593231,0.0253987312316894,9.040871225705455
TREM2,accelerator,6.195876121520996,-2.413227081298828,9.986414355593231,0.0083165168762207,9.4863166350288
TREM2,accelerator,6.386213779449463,0.1136646270751953,7.442759077829356,-0.0251603126525878,15.486712993866696
TREM2,accelerator,5.766268730163574,-0.4663653373718261,9.460678236131596,-0.6111359596252441,13.901562450179314
TREM2,accelerator,5.128084659576416,-0.005441665649414,5.834195030139,-0.036376953125,10.8370800602544
TREM2,accelerator,6.408378601074219,-0.3708653450012207,9.161045930900524,0.0017585754394531,14.374443172907377
TREM2,accelerator,5.883352756500244,-0.1555233001708984,13.148168897475085,-1.4579215049743652,15.966193179362806
TYROBP,accelerator,5.816112041473389,-0.0029211044311523,11.876972847127778,0.0039348602294921,13.230916765613028
TYROBP,accelerator,4.498650550842285,-0.0178008079528808,7.0467922124362286,0.0077829360961914,10.89183010506321
TYROBP,accelerator,6.452707290649414,-0.025641918182373,6.173437479593573,-0.0016689300537109,13.46358068182391
TYROBP,accelerator,6.613071441650391,-0.0023179054260253,6.3308001095160416,0.0005092620849609,12.086505765533536
TYROBP,accelerator,5.860917091369629,-0.0113592147827148,9.186478482124269,0.0845885276794433,13.281964816332597
TYROBP,accelerator,6.228358745574951,-0.0082602500915527,9.186478482124269,-0.5174126625061035,11.596721067557995
TYROBP,accelerator,5.7168354988098145,-1.4927873611450195,8.004090715827662,0.0429701805114746,8.598996071515385
TYROBP,accelerator,5.720006465911865,-0.0002927780151367,6.46879964339555,-1.6376690864562988,13.429083009208023
TYROBP,accelerator,6.816072463989258,-0.0102205276489257,12.629651591734063,-0.1993904113769531,15.322002475334656
TYROBP,accelerator,7.337199687957764,0.0012874603271484,5.991532526952733,-0.0010962486267089,8.218471978086182
TYROBP,accelerator,5.04898738861084,-0.262082576751709,11.876972847127778,-0.0001592636108398,10.55046863238768
TYROBP,accelerator,5.642087459564209,0.0047330856323242,6.1199673772550405,-0.0178718566894531,11.562302239936376
TYROBP,accelerator,5.849861145019531,-0.0057744979858398,7.997756831492232,0.0309619903564453,12.928460795335283
TYROBP,accelerator,5.9259490966796875,0.0025701522827148,9.514765954429723,-0.0894951820373535,10.267262873585512
TYROBP,accelerator,6.949554920196533,0.2425246238708496,11.483345058018184,0.0162305831909179,11.632226911291532
ARHGAP12,protective,5.530759334564209,0.0006923675537109,9.545529437620964,-0.0453410148620605,12.118388718575217
ARHGAP12,protective,4.798850059509277,0.0138697624206542,9.731158886868553,-0.0330185890197753,8.63561732862421
ARHGAP12,protective,5.1419677734375,0.0533504486083984,3.8778188568337577,-0.2854456901550293,13.447679951684568
ARHGAP12,protective,5.282987117767334,-0.0302338600158691,9.916561433726184,-0.0044527053833007,13.873890557815264
ARHGAP12,protective,5.154226303100586,-0.0166797637939453,8.819594954724083,0.0149641036987304,10.113113376994416
ARHGAP12,protective,5.195520877838135,-0.0005397796630859,12.957639987371667,-0.6234278678894043,15.74726100552069
ARHGAP12,protective,7.155133247375488,-0.0005221366882324,8.668701321952906,-0.1071352958679199,11.61042845901071
ARHGAP12,protective,5.531998157501221,0.0019459724426269,8.668701321952906,-0.9536776542663574,15.575980498048567
ARHGAP12,protective,5.5518269538879395,0.0003919601440429,9.986414355593231,0.0546727180480957,12.367914502693722
ARHGAP12,protective,5.373305320739746,0.0085992813110351,10.29330872137142,-0.2308864593505859,16.579638281507897
ARHGAP12,protective,5.373727798461914,-0.0031108856201171,7.500266822730002,-0.0711803436279296,16.579638281507897
ARHGAP12,protective,5.892132759094238,0.0004706382751464,8.19197425385541,-0.1906251907348632,15.093110032529296
ATP2C1,protective,4.853900909423828,0.0031847953796386,11.537705264564469,-0.017733097076416,10.866928637182925
ATP2C1,protective,5.614651203155518,-1.868912696838379,8.793511654459188,-0.0167436599731445,11.56209081770922
ATP2C1,protective,5.830233573913574,-0.0027790069580078,7.406775308218844,0.0563540458679199,15.429520650135643
ATP2C1,protective,4.670072078704834,-0.0672826766967773,12.290384009170758,-0.2645730972290039,10.31445174438694
ATP2C1,protective,6.345887184143066,0.0084395408630371,12.290384009170758,-0.4060907363891601,7.842114496132701
ATP2C1,protective,5.409124374389648,-0.0004792213439941,8.708739637094965,-0.0003938674926757,10.65121663825792
ATP2C1,protective,6.956527233123779,0.0236105918884277,8.819594954724083,-0.0594210624694824,14.646598735434514
ATP8B4,protective,5.001526355743408,-0.0879926681518554,10.859769088435888,-0.055582046508789,11.90819886835431
ATP8B4,protective,6.326714038848877,-0.0026130676269531,6.092440828946668,0.0536880493164062,11.843371501960748
ATP8B4,protective,6.265500545501709,-0.0110936164855957,7.442759077829356,-0.029120922088623,12.105779069689184
ATP8B4,protective,5.746173858642578,-0.0012192726135253,9.27014932602818,-1.3158750534057615,14.052393739252128
ATP8B4,protective,4.865191459655762,-0.0318894386291503,11.32131233212564,-0.7917695045471191,9.116160652268311
ATP8B4,protective,6.260124206542969,0.0015177726745605,10.859769088435888,-0.1224079132080078,10.773204657590334
ATP8B4,protective,4.590545654296875,0.0002775192260742,8.708739637094965,0.0723848342895507,13.36929296859948
ATP8B4,protective,5.874638080596924,-0.0001544952392578,8.656131353050144,-0.8863916397094727,16.00018877097659
ATP8B4,protective,5.338232040405273,0.0146608352661132,12.957639987371667,0.044471263885498,13.376606607147629
ATP8B4,protective,5.367702484130859,0.0172009468078613,12.957639987371667,0.0005497932434082,13.19384232107522
BLNK,protective,5.267489433288574,0.0047821998596191,6.938116988227131,0.000800609588623,13.095677509711818
BLNK,protective,6.452615261077881,0.0035963058471679,10.40416403900054,-3.2735941410064697,11.315830150182668
BLNK,protective,5.78852653503418,-0.0108685493469238,9.335192021475423,-1.260265827178955,13.129393826338717
BLNK,protective,6.219988822937012,0.0136013031005859,6.242533896108448,-1.047938346862793,13.315427538133925
BLNK,protective,5.261601448059082,0.0129213333129882,6.7336348110500115,-0.6675410270690918,16.18078146455216
BLNK,protective,4.754611492156982,-0.1508846282958984,7.0467922124362286,-0.13067626953125,8.494373922262147
BLNK,protective,6.331926345825195,0.0029840469360351,9.916561433726184,0.0699224472045898,12.20668436157856
BLNK,protective,4.704805850982666,-0.1602058410644531,9.916561433726184,-0.1216273307800293,12.405679503250692
BLNK,protective,4.469528675079346,-0.004763126373291,7.989716868983595,0.0900754928588867,8.030602626336577
BLNK,protective,5.10683536529541,-0.0058293342590332,9.186478482124269,-0.7690386772155762,11.155554079072068
CX3CR1,protective,5.217545986175537,0.095191478729248,2.7725738405730196,-0.0912652015686035,8.91848548339723
CX3CR1,protective,5.375996112823486,0.0091047286987304,8.748374914427202,-0.0874857902526855,14.381753442614247
CX3CR1,protective,5.376125335693359,-0.0058422088623046,9.27014932602818,0.0145926475524902,14.938842861972391
CX3CR1,protective,6.012631416320801,0.0017423629760742,11.876972847127778,0.0159244537353515,12.978911005911664
CX3CR1,protective,5.830258846282959,0.0006613731384277,7.813561805724246,0.0606884956359863,13.510038543048209
CX3CR1,protective,4.739705562591553,0.0011396408081054,6.140271199412625,-0.0934619903564453,14.281637648940997
CX3CR1,protective,5.162574291229248,-0.0077338218688964,6.140271199412625,-0.2270174026489257,14.281637648940997
CX3CR1,protective,4.9647603034973145,-0.0191836357116699,5.499727966350434,-0.158477783203125,15.132381045404236
CX3CR1,protective,5.16201114654541,-0.4778919219970703,10.594692949103958,-0.0272440910339355,10.8139129073802
CX3CR1,protective,6.228784084320068,0.050060749053955,9.249305455525274,0.0019850730895996,12.920413697609897
CX3CR1,protective,6.964227199554443,0.01188325881958,7.989716868983595,-1.0890865325927734,15.609812834995497
CX3CR1,protective,4.913670063018799,-0.0890779495239257,11.876972847127778,-0.0347247123718261,10.628861136615493
CX3CR1,protective,5.005666255950928,0.0061902999877929,13.148168897475085,0.0361528396606445,11.55559911554504
CX3CR1,protective,5.272581100463867,0.0051383972167968,5.801543665194639,0.0156707763671875,15.924799618983128
CX3CR1,protective,5.608723163604736,-0.0113215446472167,3.883809440839018,-0.0008440017700195,12.6071743533915
CX3CR1,protective,4.858842849731445,-0.0085535049438476,6.043757622053565,-1.4380431175231934,13.012723876281836
CX3CR1,protective,5.569519519805908,0.0005111694335937,7.988875374849233,-1.8571200370788576,13.012723876281836
CX3CR1,protective,6.268038749694824,-0.0333681106567382,9.795885445489818,-0.5916581153869629,11.494065284565153
CX3CR1,protective,4.954889297485352,-0.0515704154968261,8.368731908962,-0.0371713638305664,11.173621088902877
EPB41L2,protective,4.792430400848389,0.0033745765686035,6.136319403441192,-0.2500162124633789,12.191924590174736
EPB41L2,protective,4.736203670501709,-0.0846199989318847,11.510089319727593,-4.863739013671875e-05,9.012270906413018
EPB41L2,protective,5.865744113922119,0.0205860137939453,7.043843576790092,-0.1714434623718261,12.486681729929405
EPB41L2,protective,5.189493656158447,0.0319762229919433,6.224465699457254,-0.1200718879699707,12.486681729929405
EPB41L2,protective,4.874859809875488,-0.011904239654541,12.290384009170758,-0.0087494850158691,9.55903897009885
EPB41L2,protective,5.001956462860107,0.0021905899047851,3.5936957117569897,0.0895261764526367,15.723017723504851
EPB41L2,protective,5.2851104736328125,0.0059700012207031,7.813561805724246,-0.0504679679870605,12.80004309452352
EPB41L2,protective,5.283156394958496,-0.0227460861206054,6.3308001095160416,-0.0129327774047851,12.706859409310214
EPB41L2,protective,6.796109676361084,0.0033507347106933,6.278825906003539,-0.0095758438110351,7.629904831233112
EPB41L2,protective,5.183008670806885,-0.0450391769409179,10.403345842495977,-0.0165567398071289,13.679952546432832
EPB41L2,protective,5.050535678863525,-0.0019941329956054,10.403345842495977,0.1348066329956054,7.905579327706469
EPB41L2,protective,4.946389198303223,-0.9638471603393556,9.927815487543151,-1.6080584526062012,20.739825699745808
EPB41L2,protective,4.901533603668213,-0.0056133270263671,10.21281693239256,-1.1992073059082031,13.26497422516103
EPB41L2,protective,4.194535255432129,-0.0109529495239257,9.927532489380818,-1.0664916038513184,13.164621793035488
EPB41L2,protective,4.588074207305908,-0.0026769638061523,9.186478482124269,0.1031031608581543,13.454050946630105
EPB41L2,protective,5.301164627075195,0.0204010009765625,9.186478482124269,0.0015478134155273,10.101170564805969
EPB41L2,protective,5.208609580993652,0.0145545005798339,6.579654961024669,-0.1619319915771484,7.573906871144679
EPB41L2,protective,6.452648162841797,-0.008488655090332,9.899521949398318,0.0031638145446777,14.071866585327022
EPB41L2,protective,5.468725204467773,0.0162477493286132,6.881198171620716,-0.1675658226013183,15.707808378166185
FOXP2,protective,5.08528470993042,-0.2873563766479492,10.192513110234977,-0.0053668022155761,11.865637012215576
FOXP2,protective,6.029130458831787,-0.0615339279174804,11.58976291220189,-0.0009627342224121,13.611343855842176
FOXP2,protective,6.76135778427124,-0.0652594566345214,0.4342049839235775,0.0004210472106933,9.690106271712892
FOXP2,protective,5.494665622711182,0.0223937034606933,6.935558378167001,-0.0139837265014648,9.914489413055936
FOXP2,protective,5.530388355255127,0.009401798248291,10.594692949103958,-0.7084250450134277,17.482510368625384
FOXP2,protective,4.184947490692139,0.0286407470703125,9.186478482124269,-0.0008330345153808,10.20009015667688
FOXP2,protective,5.603015422821045,0.0091710090637207,11.511841242229057,-0.0175337791442871,10.08427994262216
FOXP2,protective,5.1793694496154785,-0.0003561973571777,7.813561805724246,0.4046239852905273,10.612370141017596
FRMD4A,protective,6.05225944519043,-0.5379958152770996,10.859769088435888,0.0056977272033691,16.629762514711867
FRMD4A,protective,5.229953765869141,0.0049982070922851,3.703672766258858,0.012300968170166,13.637345717635808
FRMD4A,protective,4.483807563781738,-0.015693187713623,11.876972847127778,0.125678539276123,11.569372446929524
FRMD4A,protective,6.0811591148376465,0.0209598541259765,9.212563530192623,0.0094251632690429,12.549170958571892
FRMD4A,protective,5.705442905426025,-0.3026738166809082,8.667936043274512,-1.4058938026428225,12.117777706872824
IFNGR1,protective,5.7489118576049805,-0.2996606826782226,10.10196161476344,0.0124955177307128,13.090342803785056
IFNGR1,protective,6.252299785614014,-0.0136356353759765,6.579654961024669,0.03269624710083,13.184500882281297
IFNGR1,protective,5.312526702880859,-0.5846266746520996,9.157357418640766,-0.0469937324523925,11.582116739786215
IFNGR1,protective,4.2824931144714355,-0.0110602378845214,5.541518203993959,-0.0678591728210449,11.99907184262196
IFNGR1,protective,5.442046165466309,0.0065674781799316,8.077430423966529,-0.0597953796386718,11.99907184262196
IFNGR1,protective,6.4025774002075195,-0.0014057159423828,11.988568310326553,-0.0047330856323242,11.99907184262196
IFNGR1,protective,6.96517276763916,0.0086255073547363,11.988568310326553,-0.0017762184143066,9.807943675250703
IFNGR1,protective,5.488440036773682,0.0018777847290039,9.939157226730556,-0.8893957138061523,15.589490309903162
IFNGR1,protective,6.529778003692627,0.008559226989746,9.939157226730556,-0.0468697547912597,15.589490309903162
IFNGR1,protective,5.9485039710998535,0.0100140571594238,6.242533896108448,-0.0829873085021972,15.48946685831779
IFNGR1,protective,5.809327125549316,-0.0002579689025878,10.594692949103958,-0.3804903030395508,14.339128588390174
IFNGR1,protective,5.727635860443115,-0.2276573181152343,8.519222503923356,-0.0048637390136718,14.637307783898212
IFNGR1,protective,6.193963050842285,-0.0028295516967773,6.379536234235317,0.2839784622192383,11.579860816676536
IFNGR1,protective,5.847025394439697,0.003209114074707,6.430916288564777,-0.6996235847473145,14.145024975632255
IFNGR1,protective,5.8010969161987305,-1.019472599029541,8.970517020797109,-0.0220189094543457,13.223083351430372
IFNGR1,protective,5.297275066375732,-0.009533405303955,12.290384009170758,2.288818359375e-05,10.845470262160472
IFNGR1,protective,4.389841079711914,0.0168647766113281,5.991532526952733,-0.8507332801818848,10.849467957354303
IFNGR1,protective,4.79407262802124,-0.0238018035888671,10.1070903438296,0.0239901542663574,13.50939923118547
IFNGR1,protective,6.338771820068359,0.0387182235717773,8.001445343751993,0.0024733543395996,14.03962547505589
IFNGR1,protective,6.088695049285889,-0.0122251510620117,4.191113839828002,-0.0054082870483398,11.460442983397575
IFNGR1,protective,6.446908950805664,-0.0008745193481445,8.85846495337793,-0.0170283317565917,11.373868711961638
IFNGR1,protective,5.301476955413818,0.0140538215637207,10.10196161476344,-1.066382884979248,15.00067020038573
IFNGR1,protective,5.768906593322754,-0.0078063011169433,7.502018745231467,-0.0093517303466796,10.878158143713616
IFNGR1,protective,6.176833629608154,-0.0024919509887695,8.89926854719838,-0.7548012733459473,13.32220772775415
IFNGR1,protective,6.121852874755859,0.0057430267333984,7.698014546554036,-1.4151196479797363,9.037002866383943
IFNGR1,protective,5.636662006378174,-0.0295286178588867,12.480912919274171,4.5299530029296875e-05,13.998160356061488
IFNGR1,protective,5.507789134979248,-0.3911819458007812,12.480912919274171,-0.698765754699707,8.983555852596542
IGSF21,protective,6.182888984680176,-0.0006380081176757,6.972244983207714,-1.8947815895080569,19.489027066450127
IGSF21,protective,5.645659923553467,0.0253715515136718,5.9976447794587475,0.0211110115051269,14.80665581034854
IGSF21,protective,5.987283706665039,-0.104468822479248,9.7886666317692,0.0294752120971679,17.907937435919806
IGSF21,protective,5.3208417892456055,-0.0022892951965332,7.25223016772594,0.0576882362365722,5.216430438866596
IGSF21,protective,6.067382335662842,-0.0045289993286132,7.25223016772594,-0.0791878700256347,9.150818168246476
IGSF21,protective,6.219945907592773,-0.0033445358276367,9.589313183658238,0.0015425682067871,14.098387235035087
IGSF21,protective,5.9433274269104,-0.0001430511474609,6.157015611225301,-0.1547789573669433,16.890483801554034
IGSF21,protective,6.09795618057251,-0.0188641548156738,5.239393830691767,-0.021712303161621,9.874264766412372
IGSF21,protective,6.139204978942871,-0.0002098083496093,7.406775308218844,-0.570828914642334,14.921543744541394
IGSF21,protective,4.15212345123291,0.2115373611450195,5.827364689614736,-0.2577278614044189,12.143593139651813
IGSF21,protective,4.621892929077148,-0.0103025436401367,10.21281693239256,-0.0380773544311523,10.540703221484868
IGSF21,protective,5.369260787963867,3.814697265625e-06,7.798346464745816,0.0451374053955078,15.241754185765313
IGSF21,protective,5.870352268218994,0.0374646186828613,8.859230232056321,-1.703472137451172,16.126681363528625
IGSF21,protective,4.3247575759887695,0.000866413116455,5.912398982823758,-0.3981819152832031,10.402558903249872
IL6ST,protective,6.014862537384033,-0.0089354515075683,6.880379975116152,-0.000643253326416,10.077423851299123
IL6ST,protective,6.194386959075928,-0.0449066162109375,6.220762988391487,-0.0752220153808593,10.566012656676891
IL6ST,protective,5.166750431060791,-0.007824420928955,11.876972847127778,-0.9304800033569336,13.512372904803344
IL6ST,protective,3.8714427947998047,0.0133864879608154,9.0101238648275,0.0286810398101806,11.248310987441137
IL6ST,protective,7.302710056304932,-0.0024943351745605,9.311939563671704,-0.0071358680725097,9.716940890117648
IL6ST,protective,5.778801441192627,-0.005080223083496,9.132889937718328,-0.7716355323791504,12.397725974549896
IL6ST,protective,4.984094142913818,-0.000807762145996,8.004090715827662,-0.5762772560119629,9.657900551394082
IL6ST,protective,5.879675388336182,0.0006103515625,9.186478482124269,-0.3790521621704101,11.215379085637274
IL6ST,protective,5.691714763641357,-8.58306884765625e-06,9.539811780260573,0.064821720123291,12.011594548512626
IL6ST,protective,5.561408042907715,-0.0018725395202636,7.2370381243773085,-0.1496047973632812,16.04227816929851
IL6ST,protective,5.210115909576416,0.0076637268066406,9.271901248529645,0.0055780410766601,8.801754420863833
IL6ST,protective,5.311216354370117,-0.0008816719055175,9.03598788716291,-0.0038332939147949,14.668241606101056
IL6ST,protective,4.970258712768555,-0.8659234046936035,9.906740763118936,-0.0979442596435546,16.277990881289995
LPAR1,protective,4.983985900878906,0.0160174369812011,5.949174984392974,-1.1895997524261477,16.836616359203532
LPAR1,protective,4.722731590270996,-0.1534509658813476,12.506345470497918,-0.0465908050537109,12.421297405646392
LPAR1,protective,4.5960822105407715,0.0271816253662109,7.500266822730002,0.0384140014648437,12.172749355971572
LPAR1,protective,4.621676445007324,-0.0084891319274902,7.502018745231467,-0.0570449829101562,12.060086837101196
LPAR1,protective,5.68771505355835,-0.0087490081787109,9.790418554270664,-0.0102601051330566,11.82037746926883
LPAR1,protective,5.878899574279785,0.0242829322814941,9.311939563671704,-0.0084285736083984,17.781306867399202
LPAR1,protective,5.5280585289001465,0.0198588371276855,9.311939563671704,-0.5246686935424805,17.781306867399202
LPAR1,protective,5.195827007293701,-0.0002684593200683,9.311939563671704,-0.4536309242248535,17.781306867399202
LPAR1,protective,5.402822971343994,0.0065350532531738,7.083478854122329,-0.3824005126953125,12.298998852880755
LPAR1,protective,5.6588239669799805,0.0059800148010253,9.110834193059278,-0.5434799194335938,18.495365042160728
LPAR1,protective,6.3280744552612305,-0.0059375762939453,7.500266822730002,-0.0328273773193359,15.9922067979884
LPAR1,protective,4.441967010498047,0.0130038261413574,9.226516797266328,0.0173573493957519,12.503435929763231
LPAR1,protective,5.936032295227051,0.002913475036621,5.714184309030967,-0.6361808776855469,19.105599099737304
LPAR6,protective,4.838571548461914,-0.0051960945129394,9.939157226730556,-0.637880802154541,12.91085628024092
LPAR6,protective,4.697548866271973,0.0079813003540039,8.232012568997467,-0.0001654624938964,11.570490223338204
LPAR6,protective,5.686146259307861,-0.0778770446777343,13.259024215104205,0.0349354743957519,12.990443857881392
LPAR6,protective,3.874446868896485,-0.0339305400848388,11.877712992697433,0.0046031475067138,12.240681895574564
LPAR6,protective,4.851499557495117,-0.001904010772705,5.446354403627224,-0.0190377235412597,12.240681895574564
LPAR6,protective,5.0012383460998535,-0.0085320472717285,4.362142587576116,-0.0514192581176757,13.817792108175666
LPAR6,protective,5.478765964508057,-0.0177092552185058,4.362142587576116,-0.2359375953674316,13.817792108175666
LPAR6,protective,5.835959434509277,-0.0085158348083496,4.835117360225192,-0.3227353096008301,11.135991386969351
LPAR6,protective,4.487575054168701,-0.001535415649414,9.7886666317692,-0.0005402565002441,10.91795420725454
LPAR6,protective,5.111774921417236,-0.0022883415222167,5.541518203993959,-0.0434160232543945,18.93408784528228
LPAR6,protective,4.380492687225342,0.0061583518981933,9.022034620089206,-0.0266375541687011,10.130332815452215
LPAR6,protective,5.536955833435059,0.0175418853759765,9.599889644167249,0.0004382133483886,12.515588610900064
LPAR6,protective,5.088396072387695,0.0264430046081542,9.233735610986946,-0.7791695594787598,13.30704282625072
LPAR6,protective,6.592175483703613,0.0195846557617187,6.6108687381591835,0.0124650001525878,16.588211264757422
LPAR6,protective,6.180303573608398,-0.3752675056457519,12.204961242765382,-1.0396981239318848,11.597106845861749
LPAR6,protective,6.226428985595703,0.0041251182556152,5.0488649205883505,-0.0147409439086914,12.78584116690886
LPAR6,protective,6.845372676849365,0.0180473327636718,6.682117211757913,0.003875732421875,9.634683721489166
LPAR6,protective,5.259106636047363,0.0147356986999511,15.758989670004295,-0.0992956161499023,12.318244307530922
LPAR6,protective,5.0084757804870605,-0.0673885345458984,9.737003579277404,-0.5108432769775391,14.436730866826718
LPCAT2,protective,6.4636945724487305,-0.0127534866333007,9.186478482124269,-0.143951416015625,12.354772538164692
LPCAT2,protective,5.5022149085998535,0.000922679901123,7.280670653139159,-0.9066720008850098,14.106318461578642
LPCAT2,protective,5.972343921661377,0.0272274017333984,7.124335365768952,0.0308051109313964,10.652192199178277
LPCAT2,protective,6.296194553375244,-0.1975831985473632,14.568207357700942,0.0112619400024414,8.476355946794026
LPCAT2,protective,6.092176914215088,0.0006403923034667,9.545529437620964,0.0077009201049804,11.100903749355831
LPCAT2,protective,7.322627544403076,-0.033034324645996,6.113610381828135,-0.0109100341796875,7.997075135473953
LPCAT2,protective,6.348299980163574,0.0212645530700683,9.906740763118936,-0.0179290771484375,17.582354887899037
LPCAT2,protective,5.524177074432373,-0.4924731254577636,6.299013090778248,-0.0015864372253417,14.458161822635176
LPCAT2,protective,5.783825397491455,-0.1117105484008789,9.589313183658238,-0.1466941833496093,13.962617035351911
LPCAT2,protective,5.2756028175354,-0.019134521484375,9.121410653568288,-0.4676709175109863,18.34041276568896
LPCAT2,protective,5.456228733062744,0.0073490142822265,9.311939563671704,-0.0016584396362304,15.436458235311846
MAP4K4,protective,4.905299186706543,-0.112551212310791,8.519222503923356,-0.2347402572631836,15.18774010727141
MAP4K4,protective,5.475813388824463,-0.0034537315368652,9.186478482124269,0.0228967666625976,15.100920925406626
MAP4K4,protective,6.5340166091918945,-0.0033254623413085,9.226516797266328,-0.0128426551818847,12.772808069462728
MAP4K4,protective,5.097923755645752,-0.0022921562194824,8.826813768444701,0.0134987831115722,9.358518584149106
MAP4K4,protective,4.86614990234375,-0.0026493072509765,9.525720931578842,-0.0088143348693847,14.766397008426807
MAP4K4,protective,5.723750114440918,-0.0385785102844238,9.022034620089206,-0.0013837814331054,12.08416694308483
MAP4K4,protective,4.589324951171875,-0.0001354217529296,6.234937281198134,-0.612969160079956,15.813787346534436
MAP4K4,protective,4.918890476226807,-0.0207123756408691,5.977441678271004,-0.0121979713439941,16.645174369529975
MAP4K4,protective,4.737148284912109,-0.0033760070800781,5.801543665194639,-0.9404950141906738,11.961442426611791
MAP4K4,protective,5.209228515625,-0.5211544036865234,8.778791360903632,-0.0392031669616699,14.58453349406108
MAP4K4,protective,4.805682182312012,0.0342226028442382,10.29330872137142,-0.0176825523376464,12.417112466297368
MAP4K4,protective,5.494844436645508,-0.0114998817443847,4.721616670520403,-0.014380931854248,11.812153218605037
MAP4K4,protective,5.301499843597412,-0.0001330375671386,8.708088888053812,-1.246257781982422,12.555197418581136
MEF2A,protective,4.740973949432373,-0.2705492973327636,9.795885445489818,0.002598762512207,14.133187319113976
MEF2A,protective,6.663105487823486,-0.0084834098815917,8.15233897652317,-1.2994914054870603,15.371747622062928
MEF2A,protective,6.350805282592773,0.003117561340332,8.778791360903632,-1.4697775840759275,13.096820379530682
MEF2A,protective,6.143468379974365,-0.0047211647033691,3.510249293461415,-0.2954096794128418,11.381251608247682
MEF2A,protective,5.943850517272949,0.005897045135498,7.988875374849233,-0.7842345237731934,10.396288967954384
MEF2A,protective,4.811819076538086,-0.0110063552856445,12.17909722042997,-0.0174207687377929,12.770436483407831
MEF2A,protective,5.726325511932373,-0.003084659576416,6.924981917657991,-0.008310317993164,12.770436483407831
MEF2A,protective,5.418808460235596,0.0034575462341308,9.651485294394256,0.0135722160339355,8.887033408517567
MEF2A,protective,6.572757244110107,-0.0102133750915527,8.859230232056321,0.0124411582946777,13.595060515399384
MEF2A,protective,6.362146377563477,-0.0090351104736328,5.912398982823758,0.011580467224121,11.989963169562689
MEF2A,protective,6.302603244781494,-0.1630868911743164,9.545529437620964,-0.0022139549255371,12.519218171495613
MEF2A,protective,3.970360279083252,-0.0438647270202636,13.068495305000788,-0.005979299545288,10.101894411765528
MEF2A,protective,7.140740871429443,-0.0131597518920898,7.988875374849233,-0.0009303092956542,12.898172806055827
MEF2A,protective,5.363327980041504,-0.1233854293823242,10.859769088435888,-0.1768970489501953,15.938477116523824
MEF2A,protective,5.729815483093262,0.012761116027832,8.656131353050144,-1.2108349800109863,15.993812355818491
MEF2C,protective,4.798145771026611,0.0045499801635742,8.195437822435641,-0.015233039855957,11.550204422603365
MEF2C,protective,5.04627799987793,-0.1843852996826172,9.311939563671704,-0.0485138893127441,8.36340912586071
MEF2C,protective,4.607354164123535,-0.3437466621398926,10.669240178332473,0.0225811004638671,11.365784887151966
MEF2C,protective,5.84724760055542,-0.0133013725280761,5.211867282383395,-0.1594443321228027,12.986623416049447
MEF2C,protective,4.982004642486572,-0.0015501976013183,7.698014546554036,-0.0809917449951171,13.28678116287324
MEF2C,protective,4.569948673248291,0.0180835723876953,9.311939563671704,0.0310163497924804,5.123702457886987
MEF2C,protective,4.715612411499023,0.0081796646118164,9.916561433726184,0.0208311080932617,10.883757056864212
MEF2C,protective,4.534207344055176,-0.4140706062316894,12.315816560394502,0.076632022857666,12.139521495336258
MEF2C,protective,4.3548150062561035,0.011019229888916,12.3954901528688,0.0563054084777832,10.235209700469728
MEF2C,protective,5.283424377441406,0.020172119140625,9.986414355593231,-0.9254379272460938,11.75759405908375
MEF2C,protective,4.577030658721924,-0.0690479278564453,10.292490524866858,-0.0124068260192871,10.285518306278217
MEF2C,protective,6.672736167907715,0.0156769752502441,5.425184850745756,0.0178022384643554,16.441969368401423
MEF2C,protective,6.641437530517578,0.0124497413635253,9.779842093761651,0.0086612701416015,16.441969368401423
MEF2C,protective,4.744420528411865,0.0882177352905273,7.043843576790092,-0.0076422691345214,13.639979931381044
MEF2C,protective,6.375653266906738,-0.0132918357849121,8.89926854719838,0.0077095031738281,17.126040625282783
MEF2C,protective,5.611268043518066,-0.3515410423278808,8.792850693014675,0.0143642425537109,8.5859837115045
MEF2C,protective,5.931183338165283,-0.0644807815551757,12.506345470497918,-1.2649669647216797,14.349009011555758
MICOS10,protective,5.447420120239258,-0.0248341560363769,9.828301909101436,0.0100808143615722,10.729795179328306
MICOS10,protective,5.592471599578857,0.0769157409667968,6.855066589188141,-0.0436053276062011,16.706170531027468
MICOS10,protective,4.402054786682129,-0.1010794639587402,9.226516797266328,-0.0172047615051269,9.078188378861128
MICOS10,protective,5.623461723327637,-0.0170764923095703,11.58976291220189,-0.7778429985046387,13.74335934111711
MICOS10,protective,4.59248685836792,-0.0050768852233886,7.813561805724246,-0.7193377017974854,12.70445847615723
MICOS10,protective,4.646018028259277,-0.0300841331481933,9.525720931578842,-0.3848161697387695,12.712956234190628
MICOS10,protective,6.062747955322266,-0.0748744010925293,11.700618229831008,0.0026435852050781,10.204533306416902
MICOS10,protective,5.609133243560791,-0.1925430297851562,10.669240178332473,-0.7735862731933594,16.760634506251286
MICOS10,protective,6.422656536102295,0.0207705497741699,5.801543665194639,-0.5413274765014648,18.761341163192817
MICOS10,protective,4.866179943084717,-0.0130305290222167,9.186478482124269,-1.402372121810913,11.708611831546577
MICOS10,protective,5.930647373199463,-0.1138548851013183,7.813561805724246,-0.2575612068176269,14.451037822755325
MICOS10,protective,5.821279048919678,-0.0015034675598144,6.3308001095160416,-0.1960096359252929,17.919102709685635
MICOS10,protective,6.046280384063721,0.0169539451599121,6.293734951189833,-0.7122035026550293,17.919102709685635
MICOS10,protective,6.378471374511719,-0.2424654960632324,9.150469470391512,-0.3325233459472656,10.512209698544591
MICOS10,protective,6.104863166809082,-0.0064754486083984,6.003551859448094,-0.1817727088928222,10.512209698544591
MICOS10,protective,5.463866233825684,-0.0034985542297363,6.003551859448094,0.0039334297180175,10.510857593352494
MICOS10,protective,6.554713249206543,-0.0069918632507324,6.280417250939221,0.0326642990112304,11.943624895843202
MICOS10,protective,6.385959148406982,0.009444236755371,10.192513110234977,-0.0102167129516601,15.233895212580666
MICOS10,protective,5.746361255645752,-0.0036287307739257,9.324237044326306,0.0090823173522949,10.55951092993628
MICOS10,protective,4.847695350646973,0.0020017623901367,9.186478482124269,0.03324556350708,8.93575892873632
MICOS10,protective,5.548247814178467,-0.007397174835205,8.519222503923356,0.0737738609313964,13.72728334285954
MICOS10,protective,5.673008441925049,-0.5429420471191406,12.629651591734063,-0.0962429046630859,13.383917445171804
MICOS10,protective,5.4006123542785645,-0.0633320808410644,12.629651591734063,-0.0136256217956542,11.9277171804127
MKNK1,protective,5.926399230957031,-0.0168819427490234,5.171828967241335,0.0401058197021484,12.687285273043663
MKNK1,protective,6.032746315002441,-0.0122709274291992,5.344380542641105,0.0095109939575195,12.675387086541107
MKNK1,protective,5.423199653625488,-0.2067732810974121,7.060883061117959,-0.9887380599975586,11.96507216852922
MKNK1,protective,5.326693058013916,0.0048575401306152,5.912398982823758,-0.013101577758789,10.97463042139349
MKNK1,protective,7.017644882202148,-0.1233782768249511,10.594692949103958,-0.4080967903137207,13.38159387708772
MKNK1,protective,5.377599239349365,-0.0119857788085937,9.311939563671704,-0.0010538101196289,14.369481818387806
MKNK1,protective,5.952866554260254,-1.049041748046875e-05,6.972623536493209,-0.0261845588684082,14.369481818387806
MKNK1,protective,7.108971118927002,0.0022711753845214,8.195437822435641,-0.0192837715148925,9.81111223133709
MKNK1,protective,6.657867431640625,0.0263972282409667,8.001445343751993,-0.0849127769470214,13.65656389018546
MKNK1,protective,6.466132164001465,0.025768756866455,1.0623109598999965,-0.0341396331787109,10.82941088691777
MKNK1,protective,5.478659152984619,-0.0183534622192382,9.271901248529645,-1.3494882583618164,18.49747947453514
MKNK1,protective,5.649996280670166,-0.0023331642150878,8.819594954724083,0.133059024810791,13.683815248989262
MKNK1,protective,6.064990997314453,-0.0063996315002441,5.827364689614736,-0.0229477882385253,10.785306803410114
MKNK1,protective,5.617826461791992,-0.0013508796691894,6.938116988227131,-0.6881322860717773,17.155223281243796
NAALADL2,protective,4.060415267944336,0.0008025169372558,12.957639987371667,-0.0490283966064453,10.329078438207947
NAALADL2,protective,6.486762046813965,0.0075430870056152,8.966828508537349,-0.4664163589477539,10.962902453536522
NAALADL2,protective,5.639355182647705,0.0185136795043945,11.071335002989374,0.105626106262207,16.09151347214604
NAALADL2,protective,6.292013168334961,0.015782356262207,11.071335002989374,-0.0007085800170898,15.482359197057724
NAV2,protective,4.514375686645508,-3.337860107421875e-06,12.315816560394502,-0.138765811920166,14.411003403444605
NAV2,protective,5.253770351409912,0.0339565277099609,7.124335365768952,-0.3679156303405761,11.446952724456548
NAV2,protective,5.980793476104736,-0.0038604736328125,7.798346464745816,-0.0027456283569335,9.492037561349738
NAV2,protective,5.268755912780762,0.0264806747436523,7.690795732833418,-0.0981059074401855,13.541398952299488
NAV2,protective,5.090734481811523,-0.1265921592712402,9.7886666317692,-0.0114951133728027,10.425205686982148
NAV2,protective,3.7559902667999263,-0.0072298049926757,10.00198420013156,-0.1738395690917968,10.792438766003905
NAV2,protective,5.2277421951293945,0.0284891128540039,6.004370055952658,-0.0062050819396972,16.14993046029531
NAV2,protective,5.764852046966553,0.0149188041687011,9.790418554270664,-0.3118224143981933,11.055175367775025
NAV2,protective,6.120499610900879,0.0143914222717285,11.511841242229057,0.0136418342590332,13.678979299074676
NAV2,protective,6.240628242492676,0.0004820823669433,8.519222503923356,-0.8934340476989746,18.181092350275502
NRIP1,protective,6.645620822906494,0.0088143348693847,5.893514738323539,-8.344650268554688e-05,11.852672868378956
NRIP1,protective,5.041882038116455,0.004892349243164,8.079367013724823,0.0414981842041015,11.37606374875584
NRIP1,protective,5.563070774078369,-0.0001931190490722,9.986414355593231,-0.0803794860839843,12.186729010972094
NRIP1,protective,4.520598411560059,-0.0118851661682128,10.192513110234977,0.0282750129699707,11.881650304808286
NRIP1,protective,5.790567398071289,0.0052647590637207,10.192513110234977,-0.7632079124450684,14.469404096690244
NRIP1,protective,5.106258392333984,0.0105800628662109,8.708739637094965,-4.00543212890625e-05,13.224637573674606
NRIP1,protective,5.057941436767578,-0.0010781288146972,10.00198420013156,-0.0634541511535644,15.87383276617208
NRIP1,protective,5.1073102951049805,0.1902971267700195,7.500266822730002,-1.262296438217163,13.243843353857702
P2RY12,protective,4.691686153411865,0.0179371833801269,8.906487360918998,-0.3177690505981445,14.750154479961658
P2RY12,protective,5.1947479248046875,0.0028996467590332,9.545529437620964,-0.0016789436340332,15.813883710280235
P2RY12,protective,4.706585884094238,-0.0107283592224121,8.826813768444701,-0.113746166229248,12.111228726864065
P2RY12,protective,5.148200988769531,0.0097198486328125,9.73605834772438,-0.1695179939270019,10.757968200419404
P2RY12,protective,5.081153869628906,0.0098471641540527,10.859769088435888,0.0005965232849121,10.64817554823033
P2RY12,protective,4.575839042663574,0.0301108360290527,6.482511938791784,0.0010557174682617,13.68249816991774
P2RY12,protective,4.886335372924805,-0.1491084098815918,5.992072575298055,5.9604644775390625e-05,13.097944947615948
P2RY12,protective,5.2734904289245605,-0.2178597450256347,5.992072575298055,0.0023059844970703,13.011494127531826
P2RY12,protective,6.263676643371582,-0.1548385620117187,9.022034620089206,0.0401344299316406,13.011494127531826
P2RY12,protective,6.076065540313721,0.0039005279541015,12.480912919274171,-0.0243268013000488,10.738037474183333
P2RY12,protective,5.620019912719727,-0.5008454322814941,8.84721089956096,0.006537914276123,15.76390691602466
P2RY12,protective,5.056539058685303,-0.4627485275268554,8.84721089956096,-0.0002655982971191,15.76390691602466
P2RY12,protective,4.890392303466797,0.014021873474121,9.075623164495148,-0.0203800201416015,10.502943992985236
P2RY12,protective,4.472990036010742,-0.0293707847595214,8.404678674034477,0.0130715370178222,12.739587201589089
P2RY12,protective,3.924272775650024,-0.065558910369873,9.226516797266328,-0.0051066875457763,12.739587201589089
P2RY12,protective,5.334640979766846,0.0100922584533691,9.161045930900524,-0.0347757339477539,18.11050835081018
P2RY12,protective,5.714613914489746,-0.0929574966430664,12.204961242765382,0.0555429458618164,14.080956958596646
P2RY12,protective,4.918510913848877,0.03318452835083,8.85846495337793,0.5144639015197754,10.923241362083305
P2RY12,protective,6.256590366363525,0.0208954811096191,6.043590174590153,-0.1972713470458984,13.199089631811066
P2RY12,protective,5.395999908447266,0.0147633552551269,9.161045930900524,-1.287031173706055,17.894042211757444
P2RY12,protective,5.521638870239258,-0.1721577644348144,9.212563530192623,-1.304516315460205,8.770536586820363
P2RY12,protective,5.59886360168457,-0.0118627548217773,8.710491559596429,0.2374062538146972,10.631090584537503
P2RY12,protective,5.510578155517578,-0.0114350318908691,11.876972847127778,-0.0266427993774414,13.178926673622382
P2RY12,protective,5.321089744567871,0.0225739479064941,7.690795732833418,0.0040869712829589,12.341270232787606
P2RY12,protective,5.006093502044678,-0.0131187438964843,9.979195541872617,0.019228458404541,10.499818091055326
P2RY12,protective,6.328238010406494,-0.0082354545593261,4.572706858377062,0.0157980918884277,14.604812526457597
P2RY12,protective,5.665113925933838,-0.0067882537841796,9.939157226730556,-0.9880547523498536,19.532559419113262
P2RY12,protective,4.9991936683654785,-0.1698493957519531,5.609818005301162,0.0077929496765136,12.170366728086146
SALL1,protective,5.9798126220703125,0.0132007598876953,6.187779094416542,-0.0285806655883789,9.842701486211386
SALL1,protective,6.7456135749816895,-0.004645824432373,6.1948989660560745,-0.0084991455078125,8.846186392510091
SALL1,protective,5.940687656402588,-0.0395183563232421,6.590368966496317,-0.0082964897155761,10.12413597388672
SALL1,protective,5.285849094390869,0.0495247840881347,10.403345842495977,-1.687380313873291,12.135232751139178
SELPLG,protective,6.003082752227783,-0.0143685340881347,9.27014932602818,-0.5515851974487305,17.732281412521427
SELPLG,protective,5.640517234802246,0.0175657272338867,11.877712992697433,-0.3215885162353515,11.553721367017523
SELPLG,protective,6.272634983062744,-0.0233445167541503,6.796436366659853,-0.0311512947082519,14.567585545220076
SELPLG,protective,7.108260154724121,0.0116181373596191,6.796436366659853,0.0098152160644531,7.044627934101551
SELPLG,protective,5.180578231811523,0.0089449882507324,8.354006979747952,-0.0476031303405761,8.758501559182292
SELPLG,protective,5.564049243927002,-0.076972484588623,9.710744961796369,-0.0392909049987793,16.630792933794424
SELPLG,protective,5.392792701721191,-0.0031490325927734,5.827364689614736,-0.0226378440856933,9.659242846099364
SELPLG,protective,4.253249645233154,-0.0129461288452148,8.519222503923356,0.0106091499328613,11.69851391595201
SELPLG,protective,5.52592134475708,-0.0436863899230957,2.4713334507623577,-0.3313236236572265,12.58028234124437
SELPLG,protective,6.70056676864624,-0.0146732330322265,8.922057205457326,0.0129761695861816,11.708445621055638
SELPLG,protective,4.9513139724731445,0.0170378684997558,7.105391080486308,0.0166249275207519,11.54960098859331
SELPLG,protective,5.412831783294678,0.0077857971191406,5.307262466488723,-0.1412029266357422,16.885465231637504
SELPLG,protective,5.016940116882324,-0.0330190658569335,6.74934000062518,-0.0406513214111328,13.473394214321138
SELPLG,protective,5.50895357131958,-0.0160236358642578,9.186478482124269,-0.231274127960205,19.48941597882678
SELPLG,protective,6.685652256011963,-0.0099101066589355,9.186478482124269,-1.2373919486999512,15.164204380830894
SELPLG,protective,5.747708320617676,-0.001626968383789,9.939157226730556,-0.0908865928649902,17.239981657534546
SELPLG,protective,3.890291452407837,0.0087800025939941,7.131931980679267,-0.0189552307128906,10.290228311300009
SELPLG,protective,6.227256774902344,-0.0066585540771484,6.6214451986681935,-0.3290152549743652,11.52911863931462
SELPLG,protective,5.680349826812744,0.0003666877746582,11.346625718053652,0.0335311889648437,11.539849975448824
SELPLG,protective,6.208682060241699,-0.0003442764282226,9.979195541872617,0.0081405639648437,10.959425168837218
SELPLG,protective,5.880369663238525,0.0042304992675781,5.15972023821747,-1.6537117958068848,13.767371057984851
SELPLG,protective,4.441695213317871,-0.1358280181884765,9.311939563671704,-0.0655922889709472,9.233631719258067
SELPLG,protective,6.793886184692383,0.0049023628234863,5.663512614744443,-0.3916130065917969,10.061092871479648
SELPLG,protective,4.3832173347473145,-0.0193705558776855,9.271901248529645,-0.0181269645690917,12.970291579886608
SELPLG,protective,5.568713188171387,-0.0065479278564453,9.186478482124269,-0.6702208518981934,19.784444896873637
SELPLG,protective,5.354862689971924,-0.0530152320861816,10.1070903438296,-0.0047712326049804,12.97813918952746
SELPLG,protective,7.241607666015625,0.000185489654541,2.33667395421633,-0.0009222030639648,12.268558865494448
SHTN1,protective,5.345293045043945,0.0260968208312988,8.821346877225547,-0.4524807929992676,11.89716146563497
SHTN1,protective,6.093818187713623,-0.0002145767211914,11.876972847127778,-1.467701435089111,12.433619511889196
SHTN1,protective,6.150981903076172,-0.0005397796630859,9.779842093761651,0.0020132064819335,8.693539552516713
SHTN1,protective,6.021332263946533,-0.181887149810791,12.136541704108057,0.000624656677246,9.311312510096116
SHTN1,protective,5.386649131774902,-0.0533790588378906,5.265809968852253,0.031954288482666,10.307498694025496
SLC8A1,protective,5.465917110443115,-0.2886171340942383,11.071335002989374,-0.0034079551696777,9.928891985732887
SLC8A1,protective,4.742756366729736,-0.0340991020202636,7.500266822730002,0.0016999244689941,11.41875643406463
SLC9A9,protective,6.361090183258057,-0.0042939186096191,11.700618229831008,-1.8843979835510256,16.441055789065338
SLC9A9,protective,4.986407279968262,0.0144000053405761,8.195437822435641,0.0534520149230957,12.943290417138495
SLC9A9,protective,5.238623142242432,-0.0077009201049804,9.795885445489818,0.066659927368164,10.419426227540566
SLC9A9,protective,5.624192237854004,-0.0047073364257812,10.403345842495977,-0.3164477348327636,13.590403843254547
SLC9A9,protective,5.777054309844971,0.0161910057067871,10.403345842495977,-0.02506685256958,13.590403843254547
SLC9A9,protective,5.538326740264893,-0.1769509315490722,12.669689906876124,0.0392045974731445,11.66481002357462
SLC9A9,protective,5.7637410163879395,0.0094790458679199,8.474821639596781,-0.1558370590209961,13.230409491260705
SLC9A9,protective,4.939279556274414,-0.0534033775329589,9.226516797266328,-0.0190529823303222,14.61047096885551
SLC9A9,protective,6.749790668487549,-0.0158891677856445,9.545529437620964,-0.0087890625,15.611716604165869
SLC9A9,protective,3.951072454452514,-0.0131702423095703,4.912145580623819,-0.0103363990783691,8.00244794334131
SLC9A9,protective,4.01966667175293,-0.0099058151245117,4.912145580623819,0.0129733085632324,7.951442508737145
SLC9A9,protective,5.554690837860107,-0.0019488334655761,5.702167631715559,-0.337773323059082,13.241053450477798
SLC9A9,protective,5.993631362915039,0.0001335144042968,6.579654961024669,-1.0468225479125977,13.241053450477798
SLC9A9,protective,5.318922519683838,-0.0057530403137207,7.690795732833418,-0.0270719528198242,9.881391492570977
SLC9A9,protective,5.731598377227783,-0.005164623260498,6.570065144338733,-0.1683425903320312,11.832154134664368
SLC9A9,protective,5.485701084136963,-0.079902172088623,8.217838276190822,0.0245599746704101,9.969049890580685
SLC9A9,protective,4.404652118682861,-0.0022945404052734,4.381359751769081,0.0001344680786132,11.179585813228746
SLC9A9,protective,5.192634582519531,0.0171422958374023,8.630817967122132,-0.001436710357666,15.323579292264624
SLC9A9,protective,5.228864669799805,4.673004150390625e-05,4.780705198239065,-0.9773435592651368,13.778084924876786
SMIM35,protective,7.062861919403076,0.0146055221557617,8.19197425385541,-0.7374019622802734,11.912568609840037
SMIM35,protective,5.607059001922607,-0.023815631866455,4.59017628813565,-0.8468437194824219,16.104787353978825
SMIM35,protective,5.926576614379883,0.0307526588439941,9.186478482124269,-0.0586695671081543,16.104787353978825
SMIM35,protective,6.985668182373047,0.0095682144165039,4.2454586083091135,-1.559621810913086,14.85939097818202
SMIM35,protective,6.436563014984131,-0.0224404335021972,5.949174984392974,-0.2709331512451172,13.448723512349028
SMIM35,protective,4.483823776245117,-0.014805793762207,5.912398982823758,-0.0349822044372558,14.394960225129852
SMIM35,protective,5.286299228668213,0.0052270889282226,6.154445492219272,-0.0051441192626953,13.433474942711577
SMIM35,protective,5.596199989318848,-0.409219741821289,11.537705264564469,-0.0151419639587402,14.849976921163025
SMIM35,protective,5.092033386230469,0.006606101989746,6.924981917657991,-0.5143928527832031,17.596728238174386
SMIM35,protective,6.2652587890625,0.0033507347106933,6.924981917657991,-0.603757381439209,13.711530021103158
SMIM35,protective,4.778813362121582,-0.0108513832092285,6.579654961024669,0.0010876655578613,12.022099715525506
SMIM35,protective,5.644783973693848,-0.0076146125793457,6.579654961024669,0.0061292648315429,12.759312005839917
SMIM35,protective,5.951262950897217,-0.010934829711914,13.148168897475085,-0.0266618728637695,11.280591936226326
SMIM35,protective,6.729930400848389,-0.0002875328063964,5.5469850952131114,-0.0001120567321777,18.26430321964244
SMIM35,protective,5.514268398284912,0.003488540649414,8.89926854719838,-0.0143852233886718,9.727760286423692
SMIM35,protective,5.944461345672607,-0.1134190559387207,12.629651591734063,0.0874004364013671,9.944922214051358
ST6GAL1,protective,4.9652814865112305,-0.0089850425720214,6.579654961024669,-0.0500745773315429,9.906205876132498
ST6GAL1,protective,4.102214336395264,-0.015181541442871,9.186478482124269,-0.2285239696502685,11.647210610902292
ST6GAL1,protective,6.1074113845825195,0.3001031875610351,6.861389665578595,-0.0633587837219238,11.49550982130502
ST6GAL1,protective,5.418740272521973,-0.0903830528259277,12.204961242765382,0.1174869537353515,12.8693880434431
ST6GAL1,protective,4.522060871124268,-0.0099821090698242,9.212563530192623,-0.0838017463684082,14.133988139689924
ST6GAL1,protective,6.6933088302612305,-0.0039482116699218,6.240414222728169,-0.0945105552673339,7.927095167057379
ST6GAL1,protective,5.995211601257324,-0.0001325607299804,5.775139594513905,-0.6737957000732422,10.392523430556468
ST6GAL1,protective,6.075276851654053,-0.1234874725341796,9.916561433726184,0.018714427947998,15.352158057052954
ST6GAL1,protective,6.750765323638916,0.030519962310791,11.876972847127778,-0.2529268264770508,10.56596553765168
ST6GAL1,protective,5.7206010818481445,0.0059990882873535,6.796436366659853,-0.0726661682128906,12.163916654602096
ST6GAL1,protective,6.230978965759277,-0.0053730010986328,11.876972847127778,-0.1405158042907714,14.000020422765886
ST6GAL1,protective,3.915316104888916,-0.0101749897003173,5.912398982823758,-0.0110533237457275,11.97477184237406
ST6GAL1,protective,4.731059551239014,0.0092663764953613,7.997756831492232,-1.036600112915039,10.690484515375283
ST6GAL1,protective,5.9359941482543945,-0.0015730857849121,8.708739637094965,-0.0030255317687988,13.570972873848254
ST6GAL1,protective,5.710801124572754,-0.1235976219177246,8.708088888053812,-0.0085501670837402,12.271010631179156
ST6GAL1,protective,6.956324577331543,0.010073184967041,7.16397064310119,-0.0366244316101074,12.9108452344542
ST6GAL1,protective,4.532010078430176,-0.0144615173339843,8.408367186294237,0.0010576248168945,13.813723512292505
ST6GAL1,protective,5.120672225952148,0.0004510879516601,6.102927892927174,-0.0028462409973144,8.884910623220033
ST6GAL1,protective,3.891361713409424,-0.0271437168121337,8.613575836728227,-0.0502893924713134,14.302008351656683
ST6GAL1,protective,5.154192924499512,-7.581710815429688e-05,8.613575836728227,-0.4207234382629394,16.690130865353645
ST6GAL1,protective,5.9328718185424805,-0.0756635665893554,9.710744961796369,-1.6650190353393557,17.44152062478835
TLN2,protective,5.797255039215088,-0.0185394287109375,9.212563530192623,-0.016857624053955,13.27747419469787
TLN2,protective,6.253067970275879,-0.0018854141235351,4.086908319845195,-0.0040593147277832,10.81957839195876
TMEM119,protective,7.3674821853637695,0.0049395561218261,10.669240178332473,0.0124268531799316,13.290858215472753
TMEM119,protective,6.003082752227783,-0.0143685340881347,9.27014932602818,-0.5515851974487305,17.732281412521427
TMEM119,protective,5.640517234802246,0.0175657272338867,11.877712992697433,-0.3215885162353515,11.553721367017523
TMEM119,protective,6.272634983062744,-0.0233445167541503,6.796436366659853,-0.0311512947082519,14.567585545220076
TMEM119,protective,7.108260154724121,0.0116181373596191,6.796436366659853,0.0098152160644531,7.044627934101551
TMEM119,protective,5.180578231811523,0.0089449882507324,8.354006979747952,-0.0476031303405761,8.758501559182292
TMEM119,protective,5.564049243927002,-0.076972484588623,9.710744961796369,-0.0392909049987793,16.630792933794424
TMEM119,protective,5.392792701721191,-0.0031490325927734,5.827364689614736,-0.0226378440856933,9.659242846099364
TMEM119,protective,4.253249645233154,-0.0129461288452148,8.519222503923356,0.0106091499328613,11.69851391595201
TMEM119,protective,5.52592134475708,-0.0436863899230957,2.4713334507623577,-0.3313236236572265,12.58028234124437
TMEM119,protective,6.70056676864624,-0.0146732330322265,8.922057205457326,0.0129761695861816,11.708445621055638
TMEM119,protective,4.9513139724731445,0.0170378684997558,7.105391080486308,0.0166249275207519,11.54960098859331
TMEM119,protective,5.412831783294678,0.0077857971191406,5.307262466488723,-0.1412029266357422,16.885465231637504
TMEM119,protective,5.016940116882324,-0.0330190658569335,6.74934000062518,-0.0406513214111328,13.473394214321138
TMEM119,protective,5.50895357131958,-0.0160236358642578,9.186478482124269,-0.231274127960205,19.48941597882678
TMEM119,protective,6.685652256011963,-0.0099101066589355,9.186478482124269,-1.2373919486999512,15.164204380830894
TMEM119,protective,5.747708320617676,-0.001626968383789,9.939157226730556,-0.0908865928649902,17.239981657534546
TMEM119,protective,3.890291452407837,0.0087800025939941,7.131931980679267,-0.0189552307128906,10.290228311300009
TMEM119,protective,6.227256774902344,-0.0066585540771484,6.6214451986681935,-0.3290152549743652,11.52911863931462
TMEM119,protective,5.680349826812744,0.0003666877746582,11.346625718053652,0.0335311889648437,11.539849975448824
TMEM119,protective,6.208682060241699,-0.0003442764282226,9.979195541872617,0.0081405639648437,10.959425168837218
TMEM119,protective,5.880369663238525,0.0042304992675781,5.15972023821747,-1.6537117958068848,13.767371057984851
TMEM119,protective,4.441695213317871,-0.1358280181884765,9.311939563671704,-0.0655922889709472,9.233631719258067
TMEM119,protective,6.793886184692383,0.0049023628234863,5.663512614744443,-0.3916130065917969,10.061092871479648
TMEM156,protective,5.727229118347168,0.0196547508239746,7.799187958880179,-0.3010592460632324,17.463698862357013
TMEM156,protective,4.041587829589844,0.0002851486206054,13.148168897475085,0.1696438789367675,12.325594725458233
TMEM156,protective,5.791394233703613,-0.0019526481628417,9.939157226730556,-1.2397527694702148,11.689146478030102
TMEM156,protective,7.154937267303467,-0.007638931274414,4.832471988149522,-0.0381569862365722,12.386525910147544
TMEM156,protective,5.183210849761963,-0.3735785484313965,12.3954901528688,-0.543398380279541,13.925847099069092
