gene,arm,caqtl_lead,caqtl_p,AD_minp_in_peak,n_gwas_in_peak,max_ABC_loop,AD_lfc,L1_AD_risk,L2_caQTL,L3_loop,L4_expr
SPP1,accelerator,rs5024096,1.4683114253584045e-12,0.003709,83,0.064248,1.2575761079788208,0.08102477222237965,0.9860984851520184,0.3568163768542533,1.0
CTSB,DAM_only,rs73209041,1.293354346736324e-11,0.01472,107,0.122829,,0.06106973966661733,0.9073568727494477,0.6821597365308038,
AXL,DAM_only,rs338589,2.2970804603320224e-06,0.0025129999999999,106,0.01942,,0.08666025038024805,0.4699019827010162,0.1078535368962395,
TGFB1,resolution,rs6508975,3.97758821415191e-06,0.0094729999999999,73,0.086739,,0.06745041542316049,0.4500316816565707,0.4817254344409332,
ANXA1,resolution,rs4745219,8.718325278111136e-06,0.0030929999999999,72,0.148963,,0.08365400266656116,0.4216305776348917,0.8273010513220668,
HAS3,resolution,rs10500548,3.0845860618736425e-05,0.01868,63,0.028232,,0.05762077093686418,0.3759002590136863,0.1567930511665621,
ITGAX,accelerator,rs2230428,3.810488616092472e-05,0.0034159999999999,51,0.180059,0.1718373894691467,0.0822160712661015,0.3682516109582037,1.0,0.1366417415048733
CTSL,DAM_only,rs201079613,5.213806065877803e-05,0.005906,91,0.142817,,0.07429021857903134,0.3569037605833949,0.7931677950005276,
GPNMB,accelerator,rs77253147,0.0001595013310299,0.0147499999999999,71,0.064181,-0.0722884237766265,0.06104026598952737,0.3164363073689946,0.3564442765982261,0.0
CTSD,DAM_only,rs34548333,0.0001664824403355,0.007247,123,0.039298,,0.07132805795605739,0.3148859638973028,0.218250684497859,
C1QB,accelerator,rs12754182,0.0001749820524501,0.0057299999999999,97,0.051852,0.5472484230995178,0.07472817926775392,0.3130838744769067,0.2879722757540584,0.4351612754309214
CXCL10,accelerator,rs5005113,0.0001995069379947,0.0006761,112,0.078376,0.0025458354502916,0.10566630213546273,0.3083368330681023,0.4352795472595094,0.00202439870966
LGALS3,accelerator,rs66782529,0.0002088119517059,0.0011939999999999,60,,0.0435105264186859,0.09743318910688954,0.3066870539481464,0.0,0.0345987222106311
CD9,DAM_only,rs56353418,0.0002418681858332,0.02088,90,0.039878,,0.05600898352232585,0.3013684377390798,0.2214718508933182,
CD68,accelerator,rs12937543,0.000402635972838,7.252999999999995e-07,85,0.014834,0.056210771203041,0.20464941075127513,0.2829239521999471,0.082384107431453,0.0446977092252357
CLEC7A,accelerator,rs11053625,0.0004338956869176,0.002043,99,0.059664,0.071356177330017,0.08965772111225175,0.2802178889079916,0.3313580548597959,0.056741040862092
C1QA,accelerator,rs11428702,0.0004407153963854,0.0014819999999999,83,0.095162,0.2942963242530823,0.09430505987855733,0.2796534814295169,0.5285045457322322,0.2340186986583865
C1QC,accelerator,rs629409,0.0008746244741275,0.0014819999999999,80,0.06696,0.2896817922592163,0.09430505987855733,0.2548481978501278,0.3718781066206077,0.2303493127941127
APOE,accelerator,rs406456,0.0011188451271374,1e-320,72,0.064586,0.6076567769050598,1.0,0.2459358354378425,0.358693539339883,0.4831968204943772
IL10,resolution,rs55705316,0.0024414918704057,0.0207,71,0.062999,,0.05613432181810274,0.2176953931230031,0.3498797616336867,
TLR2,accelerator,rs4696187,0.0028162836935723,7.079999999999999e-05,67,0.081516,0.7168870568275452,0.13833222474367438,0.2125269666172164,0.4527182756763061,0.5700546092432749
LPL,accelerator,rs6991095,0.0032372791585902,0.0076889999999999,127,,0.0541946627199649,0.07047100463653665,0.2074849873912575,0.0,0.0430945390709328
C3,accelerator,rs2547438,0.0051404195101582,0.0291799999999999,104,0.090877,0.26619553565979,0.05116382374808562,0.1907501197284693,0.5047067905519858,0.2116734994970762
CST7,accelerator,rs2892279,0.006055701025687,0.03229,116,0.035438,0.0152539340779185,0.04969773183276128,0.1848196312007909,0.1968132667625611,0.0121296309472948
CD44,accelerator,rs12419062,0.0070748577728945,0.01386,64,0.10787,-0.1866035461425781,0.06194122565747373,0.1791901905344987,0.5990814122037776,0.0
TREM2,accelerator,rs62396316,0.010665546618038,1.3940000000000009e-27,90,0.089576,0.0180558115243911,0.8951912408746003,0.1643347401412251,0.4974813811028608,0.0143576292598389
FTH1,DAM_only,rs12365888,0.0112389559493816,0.02188,71,0.133712,,0.05533175607795356,0.1624395025817243,0.7426010363269817,
B2M,accelerator,rs12902836,0.0132261924619206,0.0137499999999999,77,0.041592,0.0164871215820312,0.062056576727790726,0.1565470968264742,0.2309909529654168,0.0131102376050459
SOCS3,resolution,rs8076327,0.0224250674899268,0.004492,99,0.033814,,0.07825200841368599,0.137438853436667,0.1877940008552752,
IL1B,accelerator,rs57259660,0.0252569437512434,0.0100099999999999,64,0.082282,0.0546826347708702,0.06665219741735619,0.1331349335800138,0.4569724368123781,0.0434825649310054
TYROBP,accelerator,rs1997537,0.025289608120789,0.0092119999999999,88,0.140293,-0.1404832005500793,0.0678548690235937,0.133088158356984,0.7791501674451152,0.0
LGALS3BP,DAM_only,rs113714450,0.0423270700979976,0.006688,99,0.03473,,0.072490124518968,0.114448482714792,0.192881222266035,
TNF,accelerator,rs2230365,0.0729409500998764,5.5580000000000034e-05,92,0.073193,0.0157748982310295,0.14183604858528823,0.0947523820031484,0.4064945379014656,0.0125438914837392
